order_item_id,order_id,product_id,quantity,item_price
1,239,420,1,3527.67
2,983,179,3,2804.56
3,285,419,5,1237.6
4,1072,391,2,3390.32
5,1454,156,1,4368.23
6,456,66,2,979.13
7,1410,117,2,676.13
8,267,41,1,2981.92
9,160,10,4,1822.18
10,88,101,5,1299.75
11,1215,31,3,2218.55
12,89,34,1,4792.77
13,1546,50,5,652.45
14,421,301,2,2707.57
15,1374,180,2,1187.99
16,1733,383,5,3213.83
17,713,181,5,293.9
18,1600,374,5,27.85
19,1168,35,5,349.38
20,1564,8,2,3198.52
21,1975,145,5,4185.27
22,9,499,2,1685.07
23,1886,259,4,2963.32
24,751,358,4,3931.9
25,1380,491,3,259.78
26,778,218,2,3817.0
27,835,58,3,143.42
28,254,239,2,4461.95
29,1016,391,3,3012.95
30,1142,370,3,1056.25
31,1012,60,4,2991.13
32,1230,377,4,1763.25
33,463,284,4,1197.2
34,387,439,4,1813.89
35,1924,348,1,2648.38
36,1381,252,4,1666.94
37,898,268,1,2705.25
38,245,74,5,2613.56
39,209,380,2,2111.79
40,133,187,3,2049.11
41,411,305,4,3390.72
42,252,120,4,2844.19
43,571,392,5,2529.19
44,1216,140,4,2935.79
45,730,244,4,1390.84
46,993,262,4,2725.02
47,222,63,4,354.76
48,473,322,1,927.02
49,204,378,1,522.86
50,1021,348,2,2463.01
51,784,310,2,1391.67
52,621,319,1,68.28
53,1354,385,4,922.98
54,1624,239,4,4550.61
55,1005,259,3,2636.81
56,1658,441,1,10.51
57,1951,392,4,2198.39
58,1803,469,4,4408.95
59,645,437,4,3193.68
60,74,17,3,3700.89
61,1812,362,4,1457.91
62,276,160,4,3404.02
63,1565,57,4,4015.92
64,1352,284,5,1265.04
65,963,244,2,1362.73
66,1038,29,4,1440.38
67,1211,498,3,2698.94
68,1570,146,1,4601.89
69,1210,24,3,4141.04
70,715,415,1,1520.43
71,1568,457,4,1423.2
72,200,220,3,1002.34
73,844,180,2,1195.12
74,508,121,5,2447.49
75,174,467,3,4466.62
76,235,173,5,823.38
77,668,20,4,1260.37
78,1164,264,3,4124.51
79,42,357,1,2218.14
80,649,194,3,838.49
81,1173,51,1,920.91
82,1415,346,4,4662.19
83,1030,416,3,5188.57
84,342,315,4,2156.88
85,414,255,1,2395.88
86,1722,436,3,804.82
87,544,25,5,4671.39
88,824,412,1,3845.53
89,1470,433,5,635.34
90,690,140,5,2550.95
91,974,219,1,3609.02
92,1335,422,3,1804.52
93,887,340,2,4803.33
94,849,206,5,3654.69
95,929,344,2,1333.91
96,1805,10,5,1771.45
97,1767,96,2,3875.45
98,1354,493,4,4761.56
99,549,480,5,1260.0
100,1747,394,5,2215.32
101,1489,321,2,2610.02
102,747,237,2,3986.3
103,1529,351,4,3408.65
104,841,164,1,1003.03
105,1299,105,3,2144.71
106,1687,147,3,221.4
107,1407,308,2,410.19
108,233,77,2,1587.19
109,1633,424,4,2189.95
110,1147,224,1,3714.31
111,414,82,1,4243.46
112,530,405,5,3904.74
113,361,330,4,2036.69
114,1603,11,1,3350.22
115,643,309,1,3830.03
116,1845,490,3,2437.07
117,1376,337,4,618.14
118,1932,430,2,2861.65
119,484,58,5,138.22
120,1911,62,5,2065.95
121,1945,397,3,4323.99
122,1017,453,5,3948.08
123,251,396,3,891.98
124,1705,300,2,1740.85
125,1916,217,1,893.08
126,359,110,4,5333.77
127,837,131,1,816.66
128,1005,274,1,3215.48
129,649,280,2,737.33
130,1973,143,2,5023.13
131,744,244,3,1404.03
132,44,331,5,1833.58
133,72,431,1,4467.0
134,1415,470,2,3108.63
135,519,283,3,4686.07
136,1850,416,5,5110.07
137,1776,122,4,1778.25
138,17,466,3,5100.28
139,617,47,2,644.99
140,610,108,2,4098.02
141,1876,225,4,2588.21
142,1617,18,1,4456.27
143,1686,400,4,4041.07
144,1510,212,3,2872.32
145,1470,217,1,1017.78
146,1689,83,5,3338.81
147,136,181,5,310.32
148,1511,168,1,2448.98
149,1561,27,2,4120.02
150,1291,228,2,1600.33
151,7,206,3,3615.32
152,643,295,2,825.61
153,512,265,2,2405.37
154,1735,305,3,3290.3
155,925,245,2,217.67
156,534,89,3,5059.84
157,1638,145,4,4209.36
158,753,94,4,2048.98
159,1935,428,2,5212.9
160,43,486,5,1684.8
161,1326,314,1,683.76
162,1996,237,2,4029.63
163,102,206,5,3936.79
164,533,77,3,1552.4
165,349,485,1,2623.34
166,1472,270,4,4158.87
167,1695,345,2,3941.82
168,1462,105,3,1881.76
169,590,383,2,2949.45
170,884,439,2,1868.27
171,1688,145,2,4682.42
172,857,93,2,253.05
173,59,149,2,1176.12
174,1266,231,3,3386.98
175,1194,351,1,3332.07
176,22,241,3,945.79
177,1996,355,2,2503.46
178,1461,197,5,4213.03
179,525,38,1,164.35
180,107,171,4,3904.28
181,1861,182,5,1690.25
182,1454,384,1,630.51
183,520,259,3,2835.05
184,809,344,5,1234.43
185,85,298,2,1403.71
186,1032,253,4,2534.79
187,271,46,5,2406.46
188,887,73,3,600.03
189,91,66,3,913.77
190,1532,185,3,3337.19
191,1849,449,3,330.3
192,1059,161,2,3647.28
193,647,378,2,631.01
194,1139,437,4,3551.61
195,109,97,2,2172.52
196,376,19,2,4916.24
197,1446,240,4,666.21
198,84,227,5,2806.57
199,994,235,2,922.19
200,254,179,3,2677.5
201,370,428,5,4519.66
202,1685,140,5,2827.97
203,435,299,1,3118.08
204,1078,393,4,4887.56
205,1886,40,4,1820.02
206,1387,49,1,3740.37
207,583,349,1,3257.15
208,808,192,1,319.14
209,1715,166,1,503.51
210,943,426,4,3307.97
211,930,322,5,929.2
212,1348,3,1,1707.03
213,1344,319,3,72.65
214,1941,375,5,1534.81
215,265,109,3,3650.88
216,662,409,1,959.71
217,1121,488,1,4119.08
218,817,131,4,712.37
219,183,11,2,3936.39
220,796,400,2,3641.38
221,247,153,4,3185.69
222,1508,413,5,1905.53
223,269,184,3,3301.14
224,1050,103,4,2153.0
225,976,138,4,1797.04
226,185,388,3,2398.18
227,1258,96,4,3766.49
228,191,21,4,1792.86
229,1386,115,2,3674.77
230,1907,254,5,1318.66
231,172,149,1,1067.03
232,1858,411,2,830.35
233,262,351,2,3497.58
234,1072,219,1,3674.72
235,1129,40,5,2077.38
236,221,262,1,2808.28
237,952,339,3,3560.41
238,728,131,5,774.43
239,34,59,4,1936.59
240,368,403,4,2540.11
241,93,43,3,681.19
242,643,301,4,2618.8
243,1278,414,2,2569.47
244,433,95,5,4275.22
245,532,447,4,538.54
246,1095,10,1,1556.58
247,28,88,4,1615.16
248,1417,208,5,4669.5
249,1487,250,5,4392.29
250,739,354,4,59.7
251,1648,155,2,3126.52
252,29,98,1,111.4
253,1426,497,1,4314.6
254,429,247,2,1121.37
255,893,432,5,240.39
256,391,45,4,4611.57
257,304,243,1,3567.67
258,341,463,4,2304.77
259,1974,249,4,4659.39
260,1199,125,5,1073.39
261,1699,427,3,3893.24
262,17,53,4,3641.72
263,852,435,5,4974.21
264,1221,375,3,1410.48
265,76,250,5,4480.89
266,1211,372,4,154.18
267,475,366,1,107.46
268,865,296,1,4630.48
269,549,458,4,2851.36
270,240,254,3,1343.68
271,919,358,2,3813.58
272,590,372,3,141.54
273,898,119,5,2975.19
274,1862,351,5,3132.64
275,1748,432,4,244.57
276,269,453,4,4122.81
277,1966,214,3,3593.57
278,1631,242,2,4490.41
279,1274,107,1,356.09
280,1367,248,2,1406.71
281,321,311,4,3693.8
282,1932,253,2,2242.27
283,1141,25,3,5354.91
284,1805,134,2,2521.6
285,358,424,5,2439.84
286,66,414,4,2460.87
287,234,317,5,1675.9
288,459,250,3,4351.15
289,1608,182,5,1620.33
290,548,459,5,1328.54
291,1238,343,1,644.76
292,1898,485,4,2556.34
293,1972,431,1,4480.91
294,1601,313,1,2275.29
295,1687,288,1,47.42
296,343,323,2,1242.9
297,1866,186,3,2229.34
298,1451,227,4,3040.88
299,1501,446,3,1056.54
300,686,420,2,3532.65
301,900,497,1,4523.99
302,503,428,3,5140.1
303,588,259,3,2586.75
304,763,367,3,3559.96
305,1290,341,5,2083.33
306,864,404,4,2585.4
307,847,471,4,1063.0
308,1950,437,3,3285.25
309,1933,16,1,187.55
310,1470,413,1,1763.42
311,174,174,2,2483.31
312,889,32,1,3376.73
313,1353,473,5,2180.76
314,119,324,5,920.87
315,1993,152,5,1196.45
316,1790,156,3,5036.47
317,1863,177,3,1178.92
318,1844,271,2,3615.41
319,1435,207,2,4910.89
320,1818,279,5,552.97
321,1336,227,4,3003.61
322,1589,102,1,1541.44
323,76,276,2,85.62
324,1066,277,1,4676.3
325,1048,283,3,4616.58
326,1551,326,1,1176.41
327,1824,408,3,4361.69
328,495,427,4,4197.61
329,1035,57,3,4145.17
330,532,322,1,852.94
331,98,388,1,2509.47
332,920,153,1,3237.77
333,929,174,5,2827.92
334,1159,366,5,127.1
335,1730,305,3,3003.56
336,583,342,5,4329.01
337,1378,72,5,3313.31
338,1511,127,5,3568.28
339,1193,99,3,2436.66
340,931,51,4,806.1
341,1697,211,1,821.52
342,871,455,2,3381.24
343,914,40,5,1867.24
344,825,302,4,498.75
345,1786,136,4,1919.06
346,902,353,4,5245.03
347,1499,499,2,1585.61
348,296,259,4,2562.31
349,265,496,5,244.28
350,242,356,4,2737.75
351,67,383,5,2750.23
352,757,472,5,2764.64
353,1746,210,3,3014.61
354,1171,149,2,975.13
355,242,191,3,379.7
356,622,151,2,549.04
357,292,402,1,1367.19
358,1919,458,3,2661.31
359,442,94,4,2227.2
360,5,63,1,376.93
361,1783,23,5,2151.51
362,635,290,3,2804.48
363,1601,194,5,822.76
364,272,391,4,2874.91
365,1560,231,2,3236.58
366,1775,373,5,2171.96
367,1361,320,2,3826.52
368,1844,203,1,3390.61
369,1963,344,3,1366.0
370,1323,46,1,2680.53
371,1172,323,3,1425.4
372,1150,331,5,1550.83
373,175,99,5,2497.23
374,1182,388,5,2218.09
375,1069,97,5,2453.84
376,1837,10,5,1596.11
377,369,493,2,4041.65
378,503,425,5,3031.62
379,910,44,5,1672.06
380,657,206,4,3914.4
381,1766,479,4,3161.66
382,370,213,5,3422.11
383,650,196,1,2327.88
384,204,278,2,3796.82
385,375,131,2,802.26
386,629,488,2,3961.64
387,121,315,2,2454.2
388,56,366,4,107.41
389,203,164,3,868.73
390,529,193,1,1104.39
391,107,104,5,3621.51
392,1201,122,5,1657.21
393,789,487,1,3561.26
394,652,238,1,4622.73
395,992,15,2,3983.34
396,1872,454,5,636.56
397,1974,301,2,2594.23
398,1563,285,2,3525.51
399,624,291,1,4510.45
400,1734,326,2,1262.35
401,765,277,2,5361.9
402,1101,488,5,3974.95
403,926,22,4,1497.0
404,1969,425,2,2982.18
405,2,31,4,2425.9
406,560,307,4,2054.36
407,720,432,5,240.68
408,1722,262,2,2726.4
409,1514,274,3,3339.74
410,184,203,2,3642.46
411,1485,285,4,3763.16
412,432,313,3,2228.61
413,1811,350,3,4188.53
414,1542,363,2,2583.31
415,1357,165,4,49.67
416,1965,307,2,2087.9
417,1324,473,4,1909.55
418,9,462,2,1335.94
419,847,285,4,3692.29
420,1562,202,1,372.6
421,1104,16,4,204.63
422,1377,64,4,2186.39
423,1695,308,2,420.74
424,1719,394,1,2176.41
425,256,237,2,4177.33
426,911,5,1,4601.97
427,1554,144,3,635.92
428,393,47,3,630.74
429,1656,368,4,2438.37
430,1982,186,4,2171.78
431,1853,361,2,608.98
432,15,101,4,1546.97
433,228,446,5,1097.44
434,1012,88,5,1582.57
435,1377,350,2,3925.14
436,134,302,1,456.29
437,261,133,2,4743.2
438,1805,268,3,2742.14
439,393,435,5,5155.7
440,1259,130,4,103.19
441,5,481,1,2236.51
442,1749,481,4,2189.25
443,562,63,4,386.83
444,1015,186,1,2401.78
445,1811,370,3,1099.04
446,1881,216,3,2320.77
447,11,201,1,3833.79
448,1803,293,2,1442.75
449,1413,217,2,1033.11
450,404,85,1,2192.9
451,1283,321,4,2631.11
452,885,414,3,2439.49
453,1722,129,4,2720.11
454,489,491,1,272.94
455,1683,171,2,3608.54
456,1933,38,5,188.68
457,899,392,4,2229.47
458,1186,64,1,2065.89
459,1878,18,1,4552.75
460,1603,66,4,833.85
461,113,155,4,3483.02
462,135,53,5,3675.19
463,107,151,4,589.12
464,197,317,2,1862.14
465,1771,307,5,2286.39
466,22,233,4,3838.85
467,1803,318,3,3063.58
468,1334,481,1,2349.38
469,930,265,2,2227.57
470,222,53,1,3202.96
471,1215,405,5,3932.16
472,259,327,3,2976.35
473,863,247,4,1137.92
474,381,125,1,1058.85
475,124,66,4,879.49
476,1051,492,3,1897.48
477,638,299,2,3054.12
478,302,241,3,981.61
479,597,189,5,3723.41
480,1202,337,1,594.33
481,487,260,5,3831.37
482,1759,28,2,2122.27
483,2000,103,2,2218.13
484,1609,36,4,2486.49
485,1423,355,5,2802.17
486,1419,170,5,1773.41
487,1973,172,4,4046.71
488,674,84,1,1131.11
489,1016,113,2,3267.47
490,1420,118,2,811.23
491,490,247,3,1140.09
492,1654,379,4,4709.89
493,378,423,3,2214.88
494,21,38,5,173.74
495,236,73,2,603.83
496,1293,300,3,1799.17
497,90,500,2,1232.01
498,582,90,3,2432.46
499,1473,90,5,2494.76
500,504,92,2,2113.88
501,1727,135,1,5400.5
502,1703,347,1,1861.41
503,694,480,4,1155.12
504,492,190,2,2792.69
505,1928,270,5,4615.56
506,1806,223,1,2363.93
507,243,74,2,2874.07
508,1628,98,4,113.32
509,1423,192,4,302.07
510,1303,126,5,2607.33
511,1203,97,3,2502.38
512,1618,77,1,1633.12
513,1290,408,2,4136.8
514,1744,261,4,1077.25
515,429,373,4,2062.21
516,1620,340,2,4874.75
517,1042,199,5,308.15
518,767,256,2,4589.36
519,660,365,4,331.95
520,1466,490,3,2480.67
521,1191,206,5,3952.25
522,1331,19,2,4656.05
523,926,442,2,632.36
524,627,218,5,4363.07
525,322,479,3,3734.24
526,1128,44,1,1460.15
527,605,228,2,1518.0
528,1196,22,5,1651.4
529,689,219,4,3794.01
530,838,189,3,3610.57
531,560,196,4,2214.13
532,479,136,3,1942.1
533,1847,43,5,664.32
534,1051,280,3,770.25
535,1898,117,1,646.73
536,738,20,3,1281.99
537,403,346,3,4784.38
538,1527,418,3,5228.94
539,391,362,2,1595.41
540,1752,386,5,2029.48
541,1869,134,3,2340.67
542,578,422,4,1821.35
543,1938,208,1,4628.69
544,967,335,2,4851.22
545,1773,204,2,4418.62
546,972,120,5,2672.47
547,1552,240,4,704.82
548,698,406,2,4012.35
549,879,395,4,3866.12
550,430,225,5,2496.73
551,62,192,2,290.84
552,626,483,4,71.51
553,1660,338,3,3161.29
554,462,215,4,2622.46
555,1563,399,3,1502.04
556,668,301,1,2267.46
557,1889,72,3,2957.06
558,1164,323,5,1426.2
559,1176,444,4,3403.58
560,419,486,5,1821.75
561,792,97,3,2324.95
562,1167,493,3,4428.52
563,191,88,5,1442.39
564,364,17,5,4214.94
565,1001,14,1,4596.89
566,1867,494,2,3620.64
567,478,150,1,4814.34
568,932,30,1,1599.8
569,352,168,4,2649.94
570,801,81,2,3395.26
571,1099,215,1,2650.43
572,797,490,2,2683.7
573,267,446,4,1080.98
574,1676,364,2,508.87
575,1237,295,5,980.01
576,416,258,4,3868.3
577,565,104,2,3444.1
578,913,33,5,230.62
579,1654,127,5,3894.19
580,1801,252,5,1598.64
581,81,378,4,527.25
582,711,359,3,809.91
583,801,314,2,710.01
584,851,128,5,3845.86
585,1502,222,2,1217.1
586,1431,292,1,4142.29
587,491,454,3,756.57
588,1808,322,1,858.09
589,1430,372,2,157.53
590,1862,253,5,2292.51
591,249,189,1,3115.07
592,1034,393,4,5088.74
593,924,85,5,2158.18
594,92,237,4,3882.49
595,781,176,2,2507.44
596,813,20,1,1146.0
597,1453,470,4,2725.21
598,993,237,5,3918.1
599,1346,125,4,1190.34
600,288,242,2,4507.92
601,350,430,1,2474.83
602,363,151,4,509.2
603,345,40,1,1983.08
604,1388,140,3,2599.11
605,365,111,5,4145.99
606,443,227,5,3003.19
607,1313,340,1,4971.51
608,800,354,1,55.48
609,1226,3,4,1607.79
610,1572,104,3,4148.12
611,1862,123,1,2745.35
612,864,15,3,4455.58
613,1681,99,1,2371.25
614,452,491,2,303.47
615,1483,86,5,2000.12
616,221,418,5,4790.91
617,1284,98,5,123.78
618,810,481,2,2236.85
619,438,55,2,3458.36
620,31,206,1,3964.47
621,798,109,1,3375.53
622,1348,418,5,4742.59
623,756,23,2,1998.27
624,842,155,4,3589.88
625,209,365,5,343.0
626,352,129,5,3128.02
627,665,324,2,873.19
628,681,90,3,2647.1
629,1744,342,3,4081.09
630,37,312,4,581.5
631,784,262,2,2931.27
632,1032,301,1,2609.04
633,477,11,1,3762.83
634,633,122,2,1738.51
635,1270,41,3,2760.99
636,1022,152,4,1143.6
637,419,329,5,4305.9
638,1938,228,3,1584.68
639,275,143,1,4498.45
640,1067,406,3,4792.52
641,1538,13,3,3847.98
642,702,125,1,1074.41
643,1857,470,2,3035.87
644,1642,352,2,5111.18
645,1246,447,3,508.15
646,376,227,1,2964.49
647,1782,252,2,1472.88
648,107,325,2,1650.09
649,258,47,5,554.5
650,1703,408,2,4700.83
651,1040,41,4,2982.79
652,638,85,2,2371.11
653,869,91,3,1238.15
654,585,296,2,4757.8
655,557,442,1,705.41
656,1948,498,4,2688.86
657,344,242,5,4186.76
658,1249,377,2,1807.75
659,1679,489,1,343.06
660,1561,196,1,2411.17
661,1555,465,5,2866.68
662,1101,79,2,234.53
663,527,195,4,581.36
664,581,193,4,1027.38
665,148,171,4,3333.2
666,401,80,1,3528.49
667,27,442,3,667.93
668,1007,208,4,4718.99
669,1988,381,4,560.99
670,631,329,1,5206.97
671,838,454,1,639.4
672,789,478,2,3214.94
673,1563,224,3,4118.1
674,1044,364,3,491.51
675,1427,30,4,1692.55
676,1507,127,1,3674.53
677,1888,417,1,4680.62
678,1429,341,3,2258.88
679,1240,234,2,2225.89
680,521,127,2,3953.31
681,26,60,4,3227.61
682,815,362,1,1589.82
683,1062,466,4,4379.31
684,340,425,3,2869.28
685,1026,496,4,236.24
686,1201,158,1,3406.7
687,224,326,3,1280.57
688,1668,74,2,2546.39
689,1905,384,3,581.6
690,14,87,1,1088.89
691,199,36,4,2708.45
692,1076,214,4,3473.25
693,350,91,2,1182.08
694,406,250,1,4281.8
695,923,291,2,4885.15
696,412,31,2,2343.93
697,532,462,4,1591.32
698,1284,468,2,1875.78
699,164,151,1,504.97
700,567,33,5,209.72
701,481,245,1,201.94
702,20,32,1,3288.96
703,1363,299,1,2999.67
704,199,109,1,3418.79
705,770,309,3,4007.31
706,1909,249,3,4661.02
707,1238,220,3,1000.57
708,646,419,3,1186.93
709,1363,205,1,159.54
710,1998,183,1,4960.33
711,7,234,4,2195.75
712,1486,428,2,5216.42
713,53,309,5,3690.26
714,573,487,2,4012.05
715,755,232,4,2539.35
716,1055,212,1,2731.38
717,1307,491,3,306.84
718,35,325,1,1460.26
719,1986,414,4,2823.31
720,479,311,5,3688.14
721,1627,42,4,1806.69
722,1349,439,1,2063.92
723,1504,198,2,2462.77
724,1459,74,5,2867.2
725,1608,439,1,2070.73
726,262,255,3,2471.17
727,1705,345,4,4338.17
728,345,459,1,1412.84
729,988,340,2,4804.02
730,434,88,1,1645.69
731,217,223,1,2414.46
732,329,476,4,434.0
733,1570,144,3,579.44
734,1364,244,1,1467.51
735,1363,70,4,5138.24
736,186,408,2,4493.11
737,1909,295,5,948.87
738,133,330,4,1842.9
739,1340,329,4,5014.88
740,1656,120,1,2516.75
741,596,45,3,4429.51
742,1517,304,1,2160.24
743,1174,189,3,3149.71
744,1954,195,1,594.63
745,637,32,2,3512.53
746,1735,199,3,321.56
747,1580,187,2,1982.61
748,1065,340,2,4862.11
749,219,203,4,3159.52
750,648,75,3,3148.31
751,1715,113,4,3014.2
752,302,308,1,414.28
753,1227,164,1,899.87
754,561,435,4,5184.12
755,1293,425,3,2746.3
756,1443,495,3,4188.26
757,313,424,2,2374.88
758,1435,377,2,1668.19
759,1755,250,3,4780.59
760,1670,338,2,3207.56
761,45,281,4,2577.89
762,1389,243,4,3979.71
763,801,37,3,722.18
764,579,357,5,2420.49
765,807,50,5,571.98
766,1774,413,3,1600.61
767,938,336,2,1756.72
768,905,357,2,2223.82
769,430,112,2,4980.85
770,1506,334,5,4368.25
771,209,348,2,2875.85
772,772,487,2,4230.77
773,1897,29,4,1353.41
774,368,484,5,749.65
775,1332,174,2,2627.0
776,1285,370,1,1140.79
777,244,124,3,2326.47
778,1409,306,4,1248.6
779,1589,355,1,2806.9
780,1593,238,4,4907.95
781,564,324,3,865.94
782,24,62,1,1899.21
783,1002,329,5,4904.53
784,461,12,5,230.39
785,983,141,1,4006.46
786,1627,304,4,1859.83
787,1321,360,5,520.22
788,257,51,5,837.1
789,379,208,1,4620.87
790,807,285,5,3639.05
791,1001,33,5,217.38
792,1104,366,1,125.32
793,1544,386,1,1831.55
794,371,442,2,681.08
795,11,285,3,3385.68
796,252,21,2,1655.35
797,1337,83,3,2946.6
798,1744,386,1,1764.45
799,1037,153,5,3104.44
800,352,217,1,1036.77
801,509,154,5,1881.6
802,1853,401,5,2450.84
803,912,72,3,3226.08
804,1071,467,3,4723.21
805,1242,276,1,88.74
806,1358,420,1,3461.78
807,386,73,2,604.98
808,1961,69,2,830.65
809,1212,184,5,3053.1
810,865,39,3,3932.5
811,782,333,4,2591.22
812,935,43,4,754.41
813,1926,356,2,2697.44
814,145,323,2,1408.31
815,1464,191,5,400.15
816,1239,84,2,1208.44
817,648,404,1,2697.74
818,1975,310,3,1275.67
819,256,273,5,2849.98
820,834,34,1,4820.43
821,744,466,3,4514.46
822,300,445,3,3678.66
823,21,51,2,846.11
824,776,488,1,3717.62
825,360,270,3,4405.92
826,1206,421,1,759.03
827,1084,179,3,3031.23
828,1130,139,1,2475.57
829,350,163,4,5431.12
830,371,177,5,1387.67
831,1130,305,4,3414.83
832,977,304,1,1838.56
833,1407,263,2,2872.97
834,293,194,3,838.03
835,109,471,3,1131.45
836,1449,399,5,1374.31
837,857,362,4,1549.7
838,725,409,3,1046.74
839,565,488,2,3978.18
840,626,326,3,1352.6
841,833,395,1,3419.12
842,1300,41,2,2771.14
843,1936,48,1,1004.66
844,174,381,4,550.94
845,1656,448,4,622.44
846,1387,261,2,1070.17
847,983,255,5,2339.69
848,1430,64,5,2210.03
849,390,467,1,4590.09
850,1463,218,3,4212.37
851,501,379,5,4985.44
852,1401,312,4,488.05
853,1976,87,5,1059.84
854,1851,116,3,2138.88
855,1720,69,1,816.25
856,866,254,3,1279.79
857,1987,58,2,131.87
858,1704,277,1,5230.4
859,595,154,3,2062.46
860,437,2,5,1529.4
861,807,112,5,5092.3
862,1692,458,4,2511.92
863,1828,317,1,1896.31
864,729,4,3,962.36
865,612,182,3,1416.7
866,1824,370,3,1090.11
867,19,52,2,3997.41
868,174,271,2,3547.44
869,842,64,1,2438.74
870,319,394,2,2112.81
871,964,203,3,3415.35
872,878,457,3,1300.2
873,223,225,4,2600.79
874,332,72,4,3084.17
875,12,184,2,3440.49
876,227,98,2,115.57
877,809,216,1,2418.31
878,329,342,4,3849.16
879,1966,341,1,2407.09
880,863,251,2,2006.09
881,666,385,4,967.92
882,1028,372,4,163.6
883,270,57,1,4323.98
884,259,80,1,3155.84
885,1572,351,3,3066.19
886,880,500,1,1386.34
887,890,246,4,3854.78
888,170,390,5,695.75
889,313,374,2,27.29
890,576,393,3,4448.26
891,1436,127,4,4003.04
892,407,243,1,3773.96
893,1436,374,2,27.24
894,387,438,2,1896.33
895,470,62,1,1905.65
896,561,99,4,2485.3
897,37,316,1,1920.44
898,779,209,2,407.88
899,455,173,1,868.57
900,1045,219,3,3941.69
901,226,138,3,1726.24
902,1458,215,1,2527.3
903,373,21,3,1609.47
904,435,147,5,213.92
905,207,221,4,161.82
906,745,172,1,3800.13
907,1371,7,2,110.47
908,679,185,3,3223.45
909,1522,399,5,1472.64
910,762,122,2,1709.41
911,1197,197,1,3710.54
912,268,323,1,1410.98
913,85,301,2,2741.23
914,396,361,1,578.43
915,154,483,3,68.9
916,618,372,2,150.04
917,1093,370,2,1082.56
918,393,215,3,2688.89
919,1826,450,5,3211.93
920,1998,178,4,4067.78
921,1290,368,4,2384.8
922,139,248,5,1494.81
923,1620,12,3,211.37
924,1427,496,1,217.26
925,1958,290,2,2582.73
926,1517,418,5,4860.73
927,1783,263,2,3015.32
928,897,385,5,921.02
929,1597,200,3,3546.04
930,424,95,5,4205.54
931,447,304,5,2064.69
932,933,258,5,3861.61
933,531,156,3,5162.75
934,1451,138,2,1793.17
935,459,24,3,4503.74
936,81,328,3,501.38
937,1900,69,1,776.65
938,1316,128,2,4511.52
939,1095,60,3,2756.37
940,1296,310,3,1470.41
941,171,485,5,2694.9
942,541,370,5,1077.89
943,604,167,1,2495.21
944,1688,183,3,4356.75
945,362,132,5,2748.49
946,1347,445,5,3664.83
947,218,370,4,1220.29
948,1937,335,5,4604.14
949,1129,106,2,1039.23
950,665,138,4,1669.57
951,319,229,4,1049.6
952,755,76,1,929.33
953,1016,93,2,255.68
954,387,292,2,4498.31
955,1327,145,2,4050.24
956,1813,91,5,1289.47
957,385,36,4,2384.78
958,503,233,4,4251.67
959,206,371,1,941.01
960,1236,52,1,3954.5
961,226,424,1,2054.75
962,271,128,3,4331.19
963,293,481,1,2327.41
964,1623,495,1,3872.8
965,1111,377,1,1948.76
966,415,72,5,3164.67
967,1828,228,3,1607.73
968,680,246,1,3746.17
969,1114,355,5,2436.96
970,253,11,1,3916.23
971,1116,152,4,1119.42
972,291,1,1,2791.92
973,465,219,3,3743.61
974,1343,147,4,203.33
975,1407,453,1,4485.3
976,1008,87,2,1124.61
977,209,490,3,2709.66
978,157,316,3,1975.23
979,1891,474,1,3473.58
980,1239,78,5,3861.33
981,686,308,4,405.44
982,308,458,3,2861.86
983,1280,419,1,1198.8
984,556,470,3,2938.44
985,1911,136,1,2004.52
986,1616,2,2,1565.51
987,1593,336,2,1750.28
988,800,229,4,1158.21
989,1669,35,4,350.44
990,1966,373,1,2150.92
991,662,66,4,855.76
992,723,164,4,934.55
993,1421,499,3,1584.65
994,284,411,2,908.15
995,785,215,5,2688.28
996,1094,253,2,2349.08
997,788,43,4,704.01
998,1080,296,2,5073.49
999,1440,45,1,4548.44
1000,417,436,5,721.92
1001,971,491,1,261.26
1002,123,467,2,4175.07
1003,604,236,5,1122.62
1004,1991,477,2,2905.97
1005,432,424,2,2150.82
1006,241,493,2,4646.97
1007,774,376,4,464.63
1008,762,28,5,2242.72
1009,152,245,2,216.21
1010,62,76,1,836.97
1011,502,40,4,1730.41
1012,307,392,2,2271.56
1013,1533,271,3,3677.79
1014,963,211,4,936.38
1015,1601,331,3,1742.5
1016,228,80,1,2970.74
1017,1238,385,2,859.29
1018,23,203,4,3736.52
1019,1135,365,5,362.98
1020,1028,157,4,3402.96
1021,1908,81,1,2951.33
1022,1069,194,2,905.9
1023,1522,109,1,3335.79
1024,449,201,5,3824.87
1025,1240,431,4,3902.39
1026,978,161,4,3807.58
1027,1695,195,3,546.36
1028,1325,218,1,3801.17
1029,214,40,3,1864.71
1030,58,123,5,2793.37
1031,219,34,1,4703.2
1032,1550,466,5,4491.67
1033,414,327,2,3226.1
1034,552,44,5,1725.54
1035,92,289,4,2745.21
1036,94,25,3,4688.2
1037,18,183,4,4848.26
1038,1025,100,4,2810.5
1039,1487,183,1,5053.36
1040,679,209,5,438.03
1041,207,258,2,3935.57
1042,49,301,4,2654.88
1043,1201,445,3,3716.11
1044,331,78,1,4277.59
1045,1813,321,2,2629.14
1046,1812,111,2,4219.98
1047,1575,368,5,2407.33
1048,1058,374,5,27.82
1049,1906,394,2,1983.65
1050,695,149,4,1043.86
1051,82,457,4,1447.53
1052,490,107,5,409.3
1053,154,491,4,262.32
1054,200,413,3,1586.84
1055,1121,445,1,3797.29
1056,1022,49,2,3440.05
1057,1913,152,3,1133.74
1058,1181,187,1,1816.38
1059,367,364,3,519.42
1060,970,132,4,2643.77
1061,1332,474,1,2974.04
1062,1991,292,3,4496.28
1063,1760,147,5,210.86
1064,1879,349,3,2750.66
1065,1050,433,3,641.15
1066,766,43,5,718.04
1067,922,135,1,5367.32
1068,1272,330,2,1734.01
1069,1434,421,2,723.85
1070,1748,54,2,1394.43
1071,1168,205,2,175.09
1072,796,448,1,684.75
1073,715,239,5,4808.59
1074,1844,419,1,1243.34
1075,370,375,4,1286.03
1076,1574,222,3,1153.67
1077,133,163,5,4828.74
1078,996,109,4,3541.29
1079,235,143,5,4626.42
1080,319,486,2,1851.3
1081,656,291,5,4165.35
1082,1586,195,3,534.37
1083,1618,221,2,189.24
1084,111,109,4,3654.11
1085,553,130,1,102.29
1086,291,36,1,2451.74
1087,611,448,4,719.24
1088,1075,110,3,5040.96
1089,377,426,4,2892.56
1090,701,494,2,3892.81
1091,407,179,4,3171.99
1092,974,275,2,2763.99
1093,1978,357,5,2203.44
1094,797,422,5,1694.82
1095,407,40,5,2002.77
1096,1263,75,3,2856.69
1097,30,78,2,4454.34
1098,1023,443,4,3276.61
1099,539,267,4,965.41
1100,1932,427,4,4263.75
1101,1309,497,1,4673.66
1102,448,382,4,3384.65
1103,1427,280,5,789.83
1104,774,111,2,3854.72
1105,1991,348,1,2762.32
1106,759,417,3,4682.91
1107,1837,158,1,3255.8
1108,1433,256,4,4708.25
1109,848,211,5,869.9
1110,873,268,3,2870.71
1111,233,475,4,717.87
1112,765,91,2,1225.27
1113,1112,224,4,3683.78
1114,1299,146,1,4966.2
1115,180,413,1,1875.85
1116,1331,9,4,3824.76
1117,213,255,5,2449.3
1118,1899,279,4,496.35
1119,1031,298,3,1591.64
1120,1745,216,4,2172.95
1121,1130,196,4,2258.06
1122,1947,64,4,2185.32
1123,846,465,4,2813.21
1124,16,482,2,1511.04
1125,1040,146,3,4551.42
1126,630,430,4,2959.39
1127,1379,124,4,2140.0
1128,67,8,3,2878.86
1129,1722,419,5,1256.89
1130,651,172,5,3694.18
1131,881,124,4,2402.06
1132,395,316,1,2102.2
1133,1642,478,2,3222.71
1134,1924,326,2,1234.57
1135,826,463,2,2386.86
1136,896,119,2,2732.75
1137,1033,61,4,1590.65
1138,1727,391,3,3177.86
1139,1715,284,3,1136.64
1140,418,48,4,989.19
1141,24,322,2,897.66
1142,57,317,1,1846.4
1143,1172,196,2,2214.41
1144,930,325,3,1541.77
1145,383,123,2,3009.68
1146,609,100,2,2939.48
1147,1488,400,4,3941.98
1148,1578,134,3,2678.5
1149,170,479,1,3245.89
1150,1308,297,1,4038.63
1151,941,475,1,782.36
1152,291,145,2,4266.1
1153,191,40,3,1915.15
1154,1870,430,1,2578.86
1155,1006,408,1,3913.42
1156,997,492,2,1887.89
1157,1408,215,3,2595.6
1158,1298,466,2,4624.07
1159,369,153,2,2878.85
1160,1351,291,1,4716.79
1161,241,500,3,1317.18
1162,992,315,1,2291.91
1163,325,268,1,2748.85
1164,395,311,1,3351.49
1165,1061,263,2,2899.27
1166,1776,187,2,1727.09
1167,61,168,1,2293.39
1168,1491,355,3,2780.67
1169,561,247,1,1023.49
1170,714,363,3,2634.83
1171,957,382,4,3279.62
1172,1050,485,2,2536.73
1173,513,89,3,4582.3
1174,1970,202,5,340.41
1175,639,85,4,2404.0
1176,888,453,5,4254.2
1177,1531,140,5,2969.07
1178,221,311,2,3613.04
1179,1162,181,1,307.36
1180,921,86,5,2372.25
1181,519,301,5,2461.25
1182,1694,450,5,3142.15
1183,722,204,2,4233.9
1184,1657,166,2,533.33
1185,733,126,3,2199.29
1186,762,75,1,3126.61
1187,20,164,3,970.86
1188,438,239,3,4904.39
1189,1841,120,4,2696.88
1190,581,309,2,3761.53
1191,211,288,5,49.88
1192,1938,453,1,4564.93
1193,1176,458,4,2850.23
1194,651,417,2,4640.86
1195,102,411,1,833.07
1196,563,216,4,2130.24
1197,351,308,4,418.05
1198,485,296,1,4347.24
1199,1319,402,1,1438.77
1200,1868,237,4,4103.47
1201,76,459,5,1437.74
1202,81,173,1,907.13
1203,963,49,4,3700.44
1204,1482,155,3,3253.99
1205,820,41,3,3061.63
1206,1012,314,3,606.46
1207,1427,233,1,3924.85
1208,1727,192,1,340.92
1209,60,115,1,3246.6
1210,285,54,4,1599.02
1211,464,88,3,1437.29
1212,1672,463,1,2495.57
1213,1914,353,3,5184.17
1214,1810,402,1,1220.37
1215,1940,156,3,4412.88
1216,1409,314,4,705.77
1217,553,358,2,3608.16
1218,1195,236,3,1116.76
1219,1766,76,4,903.68
1220,1305,229,5,1146.43
1221,1081,124,4,2412.58
1222,2000,144,4,591.9
1223,463,48,3,1025.92
1224,1457,43,2,672.42
1225,1351,332,2,1576.52
1226,1424,40,4,1754.44
1227,124,109,2,3072.17
1228,959,420,4,3721.01
1229,215,175,5,3152.85
1230,1560,271,3,3547.16
1231,1558,484,4,792.35
1232,1343,79,1,248.22
1233,1873,67,3,2375.25
1234,790,500,5,1346.99
1235,1052,104,2,4034.42
1236,141,143,3,4597.02
1237,1949,446,1,1166.33
1238,302,237,1,4611.08
1239,493,9,2,4032.47
1240,547,15,5,4039.14
1241,928,181,5,300.53
1242,173,182,2,1516.43
1243,813,258,3,3656.28
1244,109,226,1,3894.29
1245,101,333,4,2341.32
1246,398,151,2,516.39
1247,1217,142,4,1598.01
1248,1063,222,1,1131.51
1249,1324,128,2,4486.4
1250,236,28,5,2326.22
1251,546,123,1,2666.99
1252,565,116,4,2462.71
1253,803,202,3,340.29
1254,1015,106,2,913.0
1255,712,327,5,2845.08
1256,590,376,2,462.24
1257,1031,465,4,2749.79
1258,1514,157,2,3496.51
1259,349,162,2,2168.27
1260,384,171,2,3881.86
1261,1971,7,4,110.11
1262,685,11,3,3440.09
1263,1805,40,1,1791.09
1264,1217,181,5,344.92
1265,3,251,4,2134.44
1266,225,24,5,4759.07
1267,1393,149,5,1145.89
1268,1031,86,1,2313.07
1269,205,156,3,5115.89
1270,927,252,5,1687.15
1271,528,340,3,4752.39
1272,940,7,3,113.56
1273,1455,171,5,3875.75
1274,992,58,5,130.02
1275,1492,328,4,487.63
1276,1754,113,2,3110.38
1277,732,255,5,2113.84
1278,1518,357,3,2442.9
1279,423,382,4,2835.01
1280,1309,56,5,2783.26
1281,1842,468,5,1811.67
1282,359,136,3,2042.12
1283,1819,170,4,1620.66
1284,1936,142,1,1528.04
1285,1187,267,5,961.63
1286,252,222,5,1299.95
1287,1983,406,3,4630.46
1288,226,497,2,4149.05
1289,956,349,3,2763.29
1290,1278,286,3,487.55
1291,998,148,3,4218.1
1292,32,233,3,3569.27
1293,1691,304,4,1836.92
1294,627,3,1,1742.69
1295,103,129,3,2657.4
1296,1609,440,5,2149.87
1297,318,489,3,297.21
1298,293,376,5,482.12
1299,1881,42,1,1785.25
1300,970,478,4,3081.04
1301,866,205,1,178.79
1302,1829,134,5,2813.97
1303,637,89,3,4939.33
1304,1648,297,2,3490.99
1305,513,70,2,4658.38
1306,617,157,5,2995.5
1307,1899,322,2,845.04
1308,770,401,4,2748.69
1309,197,71,3,4252.92
1310,1032,479,3,3624.32
1311,960,182,4,1515.26
1312,1970,211,5,889.54
1313,55,491,1,296.96
1314,1548,72,3,3250.32
1315,1612,125,3,1159.92
1316,261,318,5,3018.12
1317,1798,151,4,501.43
1318,258,207,4,5133.19
1319,1654,391,4,3331.32
1320,1719,28,3,1976.79
1321,1700,333,5,2209.22
1322,200,421,4,685.2
1323,1415,170,1,1777.49
1324,1517,300,1,1719.96
1325,1437,105,5,2012.43
1326,1517,496,2,234.46
1327,1834,346,2,5091.92
1328,617,322,1,819.45
1329,1650,249,2,4802.01
1330,235,35,5,341.85
1331,1803,62,2,2065.07
1332,419,54,5,1447.72
1333,909,201,1,3720.31
1334,615,208,2,4334.59
1335,1680,121,5,2539.55
1336,534,421,4,731.28
1337,1760,337,4,587.32
1338,300,326,2,1141.48
1339,1677,382,2,3186.0
1340,1048,380,2,2023.96
1341,976,246,1,3855.24
1342,1965,302,3,492.25
1343,802,198,1,2670.21
1344,951,214,2,3580.37
1345,58,146,5,4732.3
1346,798,6,1,2766.55
1347,1322,334,5,5224.72
1348,911,22,3,1798.69
1349,1972,72,4,3156.72
1350,568,5,3,5342.96
1351,1026,439,2,2128.04
1352,715,463,4,2579.12
1353,1051,33,2,202.46
1354,721,336,3,1965.97
1355,942,367,2,3630.29
1356,571,402,3,1413.65
1357,1892,202,4,337.85
1358,772,493,2,4446.61
1359,1180,363,5,2830.91
1360,531,67,5,2616.35
1361,1957,298,5,1454.32
1362,1700,207,1,4534.98
1363,1745,376,1,478.26
1364,1363,55,4,3560.09
1365,663,390,2,667.88
1366,216,461,4,3267.84
1367,1548,499,1,1586.62
1368,127,314,1,633.59
1369,1735,384,3,543.0
1370,1243,324,2,897.45
1371,658,56,4,2647.43
1372,273,327,2,3014.9
1373,401,130,3,99.41
1374,462,104,4,4005.49
1375,1667,271,2,3755.68
1376,177,299,1,2565.83
1377,417,18,1,4956.56
1378,737,397,5,3907.21
1379,1771,37,5,695.3
1380,1017,98,5,128.8
1381,1695,243,3,3624.92
1382,1267,461,2,3072.25
1383,1642,35,4,375.19
1384,1790,37,2,728.11
1385,1603,265,1,2213.75
1386,1022,119,5,2704.17
1387,678,12,3,213.96
1388,1889,425,3,2767.08
1389,140,447,3,559.16
1390,154,274,5,3347.84
1391,1909,313,4,2226.48
1392,1267,30,1,1658.06
1393,1194,242,3,4606.63
1394,1338,16,4,171.98
1395,535,103,1,2086.09
1396,286,105,3,2024.8
1397,1893,388,1,2515.49
1398,483,253,5,2134.56
1399,1853,313,1,2316.89
1400,709,37,5,782.8
1401,1515,314,5,724.14
1402,981,485,1,2396.7
1403,214,19,2,4942.3
1404,1332,180,3,1293.5
1405,1601,436,2,859.25
1406,44,477,2,2445.56
1407,1095,312,1,575.93
1408,1132,247,4,991.46
1409,1425,65,4,636.95
1410,1126,71,1,3905.19
1411,1838,316,3,2240.36
1412,721,100,1,2827.22
1413,488,119,1,2728.24
1414,466,212,5,2777.56
1415,1164,24,1,4912.97
1416,1789,369,1,1575.35
1417,157,30,2,1520.3
1418,579,23,5,2106.25
1419,1342,456,3,1495.34
1420,266,311,1,3623.97
1421,1345,40,5,1754.91
1422,422,254,3,1365.34
1423,1839,469,4,5114.93
1424,1461,155,5,3708.39
1425,600,445,5,3578.36
1426,1829,137,5,4395.82
1427,1032,54,4,1325.54
1428,1445,487,3,3952.33
1429,161,105,5,2171.22
1430,473,157,2,3424.22
1431,252,191,2,412.89
1432,74,121,4,2471.39
1433,1952,59,1,1670.81
1434,554,143,3,4751.23
1435,1695,495,3,3937.3
1436,1751,313,1,2174.78
1437,1767,196,1,2390.26
1438,460,106,4,953.71
1439,1091,27,1,4135.27
1440,1110,391,1,3004.62
1441,1864,312,3,564.56
1442,1890,425,5,3149.16
1443,444,388,5,2205.65
1444,889,444,1,3429.09
1445,1654,56,3,2573.37
1446,1759,481,4,2285.37
1447,1173,369,5,1680.94
1448,533,84,4,1341.24
1449,1528,474,1,3036.71
1450,575,410,3,4463.19
1451,176,128,3,4332.2
1452,692,293,5,1330.47
1453,562,186,3,2282.82
1454,1603,335,5,5139.25
1455,26,64,3,2165.62
1456,1713,136,4,2018.44
1457,948,9,4,3692.93
1458,76,495,5,4172.82
1459,447,210,1,2980.77
1460,567,460,3,4476.4
1461,1953,33,3,213.98
1462,1569,403,4,2591.07
1463,261,117,2,721.54
1464,1785,317,2,1828.1
1465,235,336,5,1709.56
1466,1763,226,1,4145.04
1467,1134,368,3,2441.88
1468,1998,132,3,2268.53
1469,1107,368,2,2347.25
1470,717,56,4,2331.06
1471,232,262,2,2610.15
1472,668,293,4,1324.15
1473,147,329,3,4674.6
1474,294,13,3,3927.34
1475,687,500,3,1334.94
1476,964,483,5,74.72
1477,64,83,3,3126.74
1478,1906,77,1,1830.74
1479,218,312,3,506.22
1480,1047,367,5,3577.59
1481,1605,298,2,1563.74
1482,776,426,2,3228.55
1483,781,391,1,3407.49
1484,1957,40,2,2093.23
1485,1158,258,5,4076.69
1486,1504,215,1,2682.76
1487,1736,450,1,3070.49
1488,1244,242,5,4371.32
1489,904,163,5,4755.71
1490,601,467,2,4084.39
1491,1637,394,2,2244.26
1492,934,162,1,2196.2
1493,1420,124,4,2349.45
1494,742,41,5,2937.83
1495,157,469,4,4641.05
1496,1240,118,4,808.36
1497,471,292,2,4802.35
1498,1896,276,4,84.03
1499,1381,300,5,1717.14
1500,534,408,3,4142.69
1501,242,42,5,1829.11
1502,304,295,2,899.84
1503,1843,93,1,277.18
1504,342,62,5,2023.44
1505,1457,477,1,2668.09
1506,259,446,4,1041.56
1507,50,354,1,53.85
1508,272,264,4,4098.14
1509,1852,217,4,918.89
1510,1428,286,3,447.63
1511,244,173,3,951.67
1512,1212,312,1,549.75
1513,152,379,4,5236.15
1514,1866,210,4,3354.95
1515,593,388,2,2424.77
1516,1503,94,5,2187.25
1517,1877,420,1,4141.14
1518,312,459,5,1287.59
1519,758,346,4,5101.57
1520,657,225,5,2358.9
1521,573,484,2,868.3
1522,609,253,5,2259.76
1523,1061,460,5,4401.83
1524,1729,476,3,393.85
1525,787,164,2,983.78
1526,86,417,2,5242.55
1527,882,266,5,672.86
1528,644,51,2,840.94
1529,243,148,4,4411.45
1530,459,454,3,657.79
1531,1242,386,2,1792.12
1532,1365,143,2,4333.61
1533,1131,430,2,2743.58
1534,57,307,5,2336.15
1535,1102,410,4,4043.39
1536,1705,422,2,1700.78
1537,578,483,4,74.37
1538,1500,228,4,1518.63
1539,605,471,1,998.11
1540,911,456,3,1554.6
1541,178,443,3,3154.44
1542,1499,343,3,646.49
1543,1646,41,2,3175.36
1544,1490,39,5,3759.05
1545,687,142,5,1573.83
1546,1377,398,3,153.97
1547,1828,474,1,2908.61
1548,1910,362,3,1654.85
1549,390,431,1,4312.44
1550,1944,325,2,1540.5
1551,281,301,2,2444.4
1552,1380,101,2,1344.16
1553,993,417,4,4512.79
1554,579,68,1,2436.6
1555,1948,265,2,2471.62
1556,7,223,5,2007.42
1557,1252,107,1,387.93
1558,857,353,4,4599.95
1559,1293,299,3,2685.2
1560,992,272,2,2610.59
1561,1798,154,3,2210.45
1562,1369,249,4,4676.95
1563,1225,183,3,4655.99
1564,198,113,3,2780.61
1565,860,497,2,4552.91
1566,1357,218,4,3737.28
1567,1959,164,3,965.68
1568,1428,204,4,4864.67
1569,1721,413,5,1885.26
1570,844,352,3,4657.32
1571,549,260,4,3396.25
1572,125,288,3,55.04
1573,1383,163,4,4897.35
1574,871,205,1,155.69
1575,550,249,3,4899.97
1576,1304,420,4,3462.46
1577,840,114,2,209.06
1578,1098,106,1,1031.94
1579,1942,496,3,240.0
1580,265,310,1,1354.21
1581,1644,195,3,537.63
1582,1869,181,5,332.14
1583,130,336,2,1713.6
1584,742,275,2,2502.76
1585,1717,275,2,2607.75
1586,595,411,3,777.6
1587,679,212,2,2496.04
1588,1926,7,1,96.68
1589,1547,482,5,1558.13
1590,815,406,2,4361.47
1591,580,155,2,3083.32
1592,70,140,4,2932.22
1593,1343,206,3,3562.33
1594,1766,44,5,1441.94
1595,1479,361,4,615.46
1596,42,8,5,3334.52
1597,1239,471,5,1007.26
1598,1624,201,5,3833.52
1599,1760,160,4,3449.09
1600,1050,381,3,520.73
1601,940,104,5,3514.58
1602,966,193,1,972.4
1603,456,496,3,230.28
1604,990,146,5,5162.45
1605,1038,126,4,2348.28
1606,1491,202,5,403.17
1607,1464,56,5,2521.92
1608,1998,13,2,3984.95
1609,916,190,1,2617.71
1610,1317,160,1,3153.87
1611,196,288,4,48.75
1612,1216,128,4,3767.22
1613,1263,430,5,2724.31
1614,1558,120,4,2429.04
1615,517,211,3,862.67
1616,1709,78,5,3744.49
1617,1227,209,3,436.0
1618,1414,108,4,4018.21
1619,1118,256,2,4401.1
1620,660,237,5,4467.56
1621,1137,440,1,2252.03
1622,1887,54,1,1433.73
1623,770,66,2,960.86
1624,1065,384,2,548.77
1625,897,446,1,1257.0
1626,1814,218,5,4044.44
1627,998,72,5,3335.33
1628,857,205,1,147.47
1629,892,151,3,574.81
1630,1071,166,3,553.42
1631,1155,333,3,2237.46
1632,1072,351,5,3045.44
1633,1950,366,5,114.78
1634,515,242,3,4204.98
1635,1899,383,2,3082.89
1636,337,269,4,3987.32
1637,21,163,2,4902.41
1638,964,35,1,417.3
1639,639,360,1,494.29
1640,1102,235,1,892.27
1641,1280,240,1,687.54
1642,718,326,2,1277.17
1643,707,322,2,768.9
1644,563,146,4,5079.48
1645,1197,374,5,26.17
1646,1571,207,5,5395.53
1647,1109,329,1,4895.59
1648,1214,79,2,213.65
1649,574,92,1,2144.02
1650,260,409,4,1058.04
1651,677,295,5,949.88
1652,1239,142,5,1736.89
1653,1370,466,2,4645.11
1654,6,402,2,1271.07
1655,188,476,2,423.96
1656,294,85,1,2259.31
1657,663,40,1,2069.2
1658,281,262,4,3026.29
1659,1362,242,5,4089.93
1660,1557,61,4,1469.55
1661,773,397,4,3889.3
1662,728,160,3,3484.25
1663,1087,41,2,3259.53
1664,1957,86,3,2396.92
1665,1457,74,5,2851.19
1666,905,251,3,2063.68
1667,1404,62,4,2080.74
1668,1336,179,3,2726.71
1669,1752,239,3,5101.12
1670,1492,218,5,3816.6
1671,1795,472,4,2758.35
1672,767,92,1,2445.73
1673,402,227,2,2809.16
1674,12,301,1,2411.41
1675,1866,189,5,3686.33
1676,1888,7,1,108.85
1677,1326,141,4,3966.31
1678,90,357,3,2322.83
1679,1281,30,1,1797.77
1680,1768,368,5,2803.22
1681,1295,233,4,3922.47
1682,1536,448,5,710.32
1683,1654,54,1,1320.94
1684,1256,458,2,2887.36
1685,1784,436,4,740.22
1686,1709,434,4,2111.36
1687,1306,364,1,449.51
1688,1757,279,2,515.54
1689,1342,315,3,2353.68
1690,1715,345,3,4221.29
1691,1839,364,5,460.04
1692,1479,484,1,801.32
1693,1927,341,1,2152.57
1694,134,99,5,2437.67
1695,303,374,2,25.96
1696,909,23,2,2089.36
1697,1411,259,1,2718.54
1698,638,141,1,3903.74
1699,700,239,1,4905.07
1700,1160,477,1,2664.41
1701,1881,47,1,555.55
1702,381,163,1,5076.76
1703,1571,87,2,1083.23
1704,1307,192,2,310.99
1705,631,429,2,1395.05
1706,1531,387,3,3013.13
1707,110,195,2,609.74
1708,572,72,4,3218.44
1709,463,428,2,4538.97
1710,363,152,4,1157.55
1711,542,48,5,1074.6
1712,745,179,5,3073.15
1713,921,425,2,2988.18
1714,76,487,4,4116.58
1715,319,276,4,89.77
1716,711,331,3,1781.29
1717,425,176,5,2485.31
1718,1130,425,3,3053.46
1719,186,263,3,2906.13
1720,447,240,1,642.51
1721,1059,338,4,3040.87
1722,287,240,3,686.51
1723,1155,194,1,853.04
1724,661,360,3,485.53
1725,1781,462,4,1335.45
1726,974,172,1,3825.69
1727,384,468,2,1778.26
1728,957,280,1,701.74
1729,900,415,5,1484.04
1730,1180,356,4,2866.91
1731,970,428,3,4592.55
1732,1231,173,4,878.52
1733,615,21,2,1956.44
1734,1563,479,5,3775.09
1735,221,216,3,2271.65
1736,1954,296,1,4712.11
1737,336,263,3,2571.61
1738,1816,306,5,1251.05
1739,407,488,2,4417.89
1740,267,340,1,4606.24
1741,1988,47,2,570.59
1742,1642,178,2,3738.88
1743,944,1,2,2661.12
1744,1809,89,1,4683.16
1745,379,121,4,2547.18
1746,185,371,5,888.21
1747,1732,398,4,164.08
1748,327,177,5,1202.99
1749,1407,202,4,384.48
1750,1369,193,2,1082.02
1751,1563,470,2,2701.32
1752,652,391,4,3368.72
1753,1584,168,4,2668.88
1754,1223,202,3,372.3
1755,1001,343,5,733.87
1756,56,114,2,221.96
1757,1573,121,3,2314.87
1758,1027,422,5,1691.69
1759,1540,204,2,5060.73
1760,283,256,2,4286.76
1761,619,223,4,2018.67
1762,1340,93,3,253.94
1763,638,199,4,303.69
1764,72,134,4,2833.86
1765,368,84,5,1203.17
1766,1709,55,1,3535.51
1767,710,352,4,5146.98
1768,1646,414,3,2433.13
1769,264,295,4,902.14
1770,24,249,4,4830.27
1771,866,395,4,3235.67
1772,530,380,5,1998.46
1773,1653,411,5,902.18
1774,764,400,3,3694.23
1775,1729,274,1,3609.32
1776,1609,92,5,2467.13
1777,1556,197,1,4343.96
1778,308,4,5,909.99
1779,529,102,5,1436.58
1780,1491,447,1,515.8
1781,952,145,4,4067.08
1782,943,188,5,3447.11
1783,1406,190,3,2499.64
1784,1383,152,1,1280.98
1785,1112,137,3,4267.99
1786,855,9,3,3698.06
1787,1303,19,3,5040.41
1788,1499,19,4,4976.6
1789,510,90,1,2362.92
1790,259,373,4,2090.68
1791,883,458,4,2644.44
1792,1412,317,5,1682.07
1793,1166,235,3,838.64
1794,764,20,1,1180.55
1795,783,263,1,3020.13
1796,692,475,3,788.63
1797,866,206,3,3478.64
1798,1478,335,1,5073.85
1799,1714,468,1,1805.87
1800,1626,99,3,2321.32
1801,1261,264,2,3847.89
1802,1422,410,5,3917.4
1803,969,111,4,4182.81
1804,563,383,2,3064.43
1805,567,257,5,2143.64
1806,817,466,3,4372.25
1807,559,3,1,1734.51
1808,1602,213,3,3901.04
1809,547,237,3,4373.4
1810,199,114,3,194.73
1811,453,33,5,221.38
1812,1694,236,5,1229.89
1813,674,278,5,3976.47
1814,26,176,3,2313.69
1815,1685,228,4,1406.99
1816,432,273,4,3213.33
1817,524,207,5,4499.92
1818,1982,41,5,3107.0
1819,708,43,5,652.27
1820,757,156,3,4621.97
1821,925,346,2,4921.23
1822,1280,300,3,1551.21
1823,1157,221,1,169.79
1824,1539,499,4,1542.71
1825,481,193,2,1100.25
1826,776,311,1,4031.67
1827,199,203,1,3306.04
1828,1169,149,2,1004.84
1829,1571,399,4,1587.08
1830,1127,210,2,3172.64
1831,857,462,3,1510.63
1832,1578,186,3,2455.88
1833,1029,275,2,2680.72
1834,1760,207,4,4959.19
1835,587,423,2,2188.52
1836,1893,448,3,645.48
1837,7,273,4,3295.02
1838,1344,89,1,5055.83
1839,786,298,4,1545.82
1840,841,97,5,2400.49
1841,460,71,5,4323.26
1842,165,307,4,2192.6
1843,1937,12,2,218.53
1844,341,292,1,4619.98
1845,1950,190,5,2378.87
1846,1810,405,5,3794.73
1847,1048,443,2,3192.68
1848,938,189,2,3555.14
1849,359,242,2,4606.81
1850,661,68,1,2485.56
1851,424,296,2,4770.21
1852,1401,309,2,3946.31
1853,1632,91,5,1327.13
1854,1314,57,3,4201.97
1855,1787,472,2,2742.86
1856,947,370,1,1270.7
1857,1534,17,4,4100.63
1858,1776,267,4,1015.93
1859,145,401,3,2514.09
1860,1810,367,5,3412.61
1861,1326,274,4,3439.79
1862,985,424,3,2379.1
1863,1663,204,1,4980.09
1864,745,205,5,170.6
1865,1289,333,1,2368.9
1866,213,75,5,3166.62
1867,1544,406,2,4035.02
1868,751,212,2,2729.43
1869,1870,125,2,1209.06
1870,542,50,1,596.58
1871,939,461,2,3163.58
1872,1551,134,4,2514.02
1873,678,404,3,2706.9
1874,1164,141,2,3929.86
1875,304,268,2,2511.15
1876,1803,190,3,2663.33
1877,629,484,5,858.88
1878,1299,157,4,3250.06
1879,1379,151,2,512.54
1880,301,312,4,514.91
1881,527,327,2,2809.39
1882,1195,156,1,4483.6
1883,532,187,5,1954.02
1884,832,245,2,207.34
1885,1992,177,5,1345.24
1886,1747,257,3,1995.6
1887,775,444,2,3776.02
1888,1784,269,4,3809.15
1889,1838,195,1,528.72
1890,702,116,2,2200.41
1891,308,143,1,4770.28
1892,1332,101,4,1369.89
1893,1167,468,1,1880.99
1894,1721,383,5,3157.08
1895,1840,117,3,737.16
1896,1361,17,1,3876.26
1897,1950,169,3,2346.24
1898,1134,493,5,4502.95
1899,1788,41,1,3312.3
1900,915,291,2,4617.27
1901,525,409,2,1103.78
1902,468,354,2,60.2
1903,83,312,3,512.05
1904,188,381,1,539.91
1905,1856,463,3,2294.93
1906,125,107,5,352.01
1907,1560,298,1,1493.08
1908,1100,452,3,4858.76
1909,1618,325,4,1373.98
1910,239,227,2,2648.73
1911,205,278,5,4139.41
1912,998,154,5,2098.13
1913,881,441,4,11.27
1914,1593,330,5,1786.42
1915,1548,234,3,2245.5
1916,1546,209,4,414.08
1917,1293,91,4,1170.93
1918,1054,146,3,5204.23
1919,542,445,3,3494.03
1920,564,348,3,2753.84
1921,1282,226,2,3762.82
1922,999,4,5,906.62
1923,964,254,1,1223.14
1924,1558,222,1,1269.91
1925,1896,442,5,660.25
1926,1685,94,1,1965.28
1927,1563,119,5,2800.26
1928,626,164,4,985.48
1929,211,351,5,3107.33
1930,431,293,3,1405.84
1931,321,99,2,2410.82
1932,1746,81,2,3160.56
1933,667,490,4,2491.44
1934,1339,305,3,3355.65
1935,469,478,3,3022.79
1936,760,75,3,2846.33
1937,1699,382,3,2974.66
1938,872,289,4,2448.52
1939,12,391,1,3371.65
1940,1984,210,2,3173.68
1941,1997,234,1,2153.43
1942,1677,361,3,549.94
1943,604,427,3,3878.71
1944,876,405,5,3594.68
1945,1147,379,2,4539.44
1946,1265,258,3,3663.15
1947,219,39,3,3693.65
1948,1481,246,5,4379.56
1949,963,488,1,4416.85
1950,1600,338,4,2898.02
1951,512,144,5,673.53
1952,769,31,3,2054.4
1953,566,276,3,86.24
1954,228,242,1,3926.56
1955,665,397,2,4165.48
1956,1790,78,5,4201.19
1957,410,288,2,47.9
1958,672,294,3,4538.96
1959,1141,272,1,2691.77
1960,288,396,3,885.8
1961,1961,437,4,3183.78
1962,1531,453,3,4055.22
1963,960,117,3,697.7
1964,408,347,3,2196.26
1965,523,310,1,1410.06
1966,288,62,4,2115.44
1967,812,413,1,1752.53
1968,1704,271,5,3226.23
1969,765,9,1,3786.98
1970,1966,259,3,2975.39
1971,1619,276,5,88.41
1972,684,325,1,1372.2
1973,1158,48,1,1178.91
1974,1090,82,1,4711.02
1975,1176,473,2,2107.38
1976,1540,38,4,188.37
1977,1675,142,2,1577.73
1978,1333,170,5,1515.29
1979,696,233,4,3951.87
1980,1822,11,3,3604.79
1981,14,320,1,4152.76
1982,18,116,2,2206.4
1983,531,439,3,1874.73
1984,1091,235,2,951.85
1985,1577,421,3,725.8
1986,1830,451,5,1834.79
1987,313,97,2,2464.32
1988,632,93,5,237.19
1989,1233,484,2,880.1
1990,1107,179,3,3179.4
1991,1783,162,2,2271.64
1992,414,156,3,4497.99
1993,478,480,3,1329.15
1994,56,71,4,4549.95
1995,253,428,1,5274.55
1996,910,445,2,3641.06
1997,780,26,4,1820.33
1998,407,106,5,1030.27
1999,1669,64,2,2069.19
2000,1038,468,5,1858.9
2001,250,84,1,1291.2
2002,1927,251,3,2081.77
2003,1536,163,2,4901.24
2004,186,410,4,4311.89
2005,523,261,4,908.54
2006,34,4,4,918.06
2007,820,493,3,4791.6
2008,739,485,1,2490.16
2009,890,485,3,2768.59
2010,470,360,4,483.4
2011,1794,242,3,3826.22
2012,1495,332,1,1625.32
2013,289,434,5,2170.59
2014,19,66,2,917.31
2015,1424,241,1,1074.21
2016,1222,411,3,785.67
2017,762,317,2,1742.62
2018,859,89,5,4559.63
2019,1977,78,2,4326.78
2020,748,451,2,1908.69
2021,62,255,4,2194.63
2022,1281,192,3,339.12
2023,1274,165,1,46.45
2024,680,15,1,4374.03
2025,1506,447,4,483.47
2026,96,277,5,4767.31
2027,1480,269,1,3570.36
2028,31,179,1,3145.9
2029,860,34,4,4603.89
2030,952,213,5,4051.51
2031,902,69,1,872.13
2032,638,244,3,1337.76
2033,263,166,3,557.89
2034,1960,315,1,2322.66
2035,979,253,5,2450.02
2036,402,65,2,609.76
2037,1650,483,1,63.38
2038,1523,49,3,3622.28
2039,1817,315,2,2069.56
2040,514,95,3,4883.9
2041,674,364,5,539.33
2042,1065,265,3,2342.44
2043,1557,461,4,2812.93
2044,768,339,1,3168.18
2045,1532,464,1,2650.32
2046,1627,102,1,1569.68
2047,293,325,2,1362.28
2048,332,204,5,4507.37
2049,985,248,2,1628.11
2050,1288,446,5,1221.41
2051,831,232,4,2725.07
2052,1273,135,1,5036.41
2053,1526,144,5,632.84
2054,1893,173,2,852.9
2055,523,175,4,3553.49
2056,1582,282,1,3940.98
2057,1369,439,5,1922.16
2058,539,33,4,228.77
2059,1316,14,2,5360.04
2060,194,117,1,770.03
2061,247,282,2,4144.83
2062,1789,178,4,3624.51
2063,1134,482,5,1420.63
2064,374,204,5,4972.35
2065,400,73,2,673.09
2066,1590,9,3,3512.59
2067,1077,308,5,457.28
2068,1762,272,5,2543.82
2069,743,277,5,4624.0
2070,342,192,2,292.08
2071,1301,325,2,1610.1
2072,1727,477,2,2819.08
2073,1108,483,4,74.47
2074,1758,104,4,3651.15
2075,608,200,4,3907.89
2076,1831,244,2,1337.36
2077,1478,481,1,2178.8
2078,515,363,3,2637.05
2079,428,473,5,2219.78
2080,1965,35,4,346.35
2081,288,74,2,2659.54
2082,1566,498,2,2936.42
2083,802,403,4,2527.76
2084,801,303,3,1601.62
2085,145,116,3,2499.66
2086,288,458,5,2714.63
2087,1935,345,4,3671.65
2088,292,345,3,3769.22
2089,23,327,3,2743.65
2090,1074,53,5,3741.98
2091,965,119,3,3065.96
2092,1684,64,5,2271.21
2093,931,79,3,212.14
2094,1793,140,1,3043.69
2095,782,430,1,2953.06
2096,1284,239,2,4767.38
2097,1795,364,4,511.49
2098,1554,150,1,4408.51
2099,182,375,5,1424.16
2100,1772,186,4,2269.68
2101,1714,360,4,576.07
2102,117,327,3,2736.46
2103,1726,371,3,979.51
2104,1312,261,3,951.26
2105,731,43,4,625.3
2106,498,300,5,1660.32
2107,889,341,4,2092.24
2108,1149,311,4,3949.24
2109,1243,266,4,756.25
2110,87,309,1,3678.21
2111,1179,49,2,3205.85
2112,739,298,5,1551.67
2113,864,418,1,4857.01
2114,712,332,4,1592.44
2115,1175,443,4,3417.0
2116,1666,413,4,1802.35
2117,1371,465,5,2392.97
2118,371,13,3,4174.68
2119,203,150,1,5057.97
2120,1494,234,3,2187.11
2121,735,420,3,3947.96
2122,1994,495,4,4078.33
2123,1606,25,3,4697.87
2124,1575,407,5,1228.31
2125,1579,443,3,3433.67
2126,1517,206,2,4040.87
2127,1730,256,3,4898.2
2128,721,316,2,2058.8
2129,649,425,1,2798.79
2130,1310,208,4,4186.04
2131,1310,96,2,4012.64
2132,543,439,3,2067.06
2133,691,413,3,1735.45
2134,1546,82,3,4853.91
2135,33,58,3,127.83
2136,1862,260,5,3745.68
2137,607,388,2,2465.11
2138,816,317,2,1842.16
2139,192,47,4,618.33
2140,1746,135,3,4637.05
2141,1092,182,4,1505.75
2142,213,433,3,682.62
2143,1257,292,3,4931.18
2144,461,227,2,3077.96
2145,1123,80,3,3366.53
2146,54,254,2,1239.23
2147,503,449,2,327.71
2148,298,7,1,102.24
2149,1757,314,4,664.64
2150,849,285,5,3456.85
2151,394,212,5,2480.4
2152,1190,205,4,167.68
2153,1530,134,3,2703.16
2154,1646,411,3,794.64
2155,747,461,2,3295.02
2156,656,277,2,4747.8
2157,659,441,2,11.11
2158,1630,276,1,89.95
2159,1879,402,4,1473.53
2160,1097,161,5,3402.71
2161,467,369,5,1607.99
2162,1682,115,5,3544.61
2163,1714,28,4,2138.74
2164,1019,303,2,1684.48
2165,46,287,1,2737.24
2166,1835,178,2,3752.39
2167,131,350,3,3733.95
2168,1167,130,1,108.5
2169,1462,307,2,2158.11
2170,812,111,3,4104.16
2171,1103,357,3,2309.62
2172,477,292,5,4775.84
2173,1938,209,5,376.97
2174,1396,301,1,2413.45
2175,1989,313,3,2027.4
2176,1204,62,1,2169.89
2177,1258,33,2,217.85
2178,1501,100,5,2772.16
2179,1585,389,2,3048.69
2180,61,333,1,2603.29
2181,680,46,4,2294.99
2182,1176,359,4,826.04
2183,1649,209,4,396.21
2184,284,434,1,2213.69
2185,638,182,4,1438.3
2186,1801,130,2,99.58
2187,534,206,3,3615.73
2188,1326,325,4,1376.54
2189,1540,49,1,3488.0
2190,1801,311,5,3374.68
2191,122,350,2,3748.36
2192,4,494,1,4064.7
2193,10,168,1,2415.11
2194,1639,464,3,2534.45
2195,1760,36,2,2801.9
2196,1304,318,5,2991.15
2197,448,500,2,1317.84
2198,1229,192,4,318.12
2199,1447,434,2,2458.84
2200,1040,77,4,1797.75
2201,63,319,5,60.49
2202,1820,491,1,298.48
2203,1654,479,3,3363.25
2204,221,179,5,3021.08
2205,1062,86,4,2377.0
2206,396,309,5,3716.09
2207,1885,173,5,958.8
2208,1704,200,1,3823.32
2209,1370,284,2,1113.81
2210,749,73,4,597.39
2211,386,407,3,1292.53
2212,121,470,4,3222.39
2213,1661,432,5,253.69
2214,203,435,3,4998.25
2215,1868,270,5,4266.6
2216,1069,202,2,388.78
2217,579,165,2,47.55
2218,600,484,4,844.14
2219,892,194,1,757.8
2220,1007,54,4,1403.41
2221,1249,200,3,3477.34
2222,1579,351,5,3365.52
2223,1703,22,1,1559.22
2224,629,457,5,1412.74
2225,1112,89,1,5014.46
2226,1095,15,3,3690.9
2227,789,97,5,2267.46
2228,108,422,4,2001.27
2229,1513,261,2,989.7
2230,1042,190,1,2725.18
2231,1866,110,2,4484.18
2232,1828,114,1,214.82
2233,1463,105,5,2004.01
2234,1312,314,4,602.26
2235,422,461,3,3151.62
2236,10,464,3,2370.58
2237,363,200,3,3854.07
2238,1880,429,2,1319.94
2239,291,307,3,2052.32
2240,1807,473,5,2088.03
2241,1455,443,3,3675.05
2242,420,482,3,1667.28
2243,839,354,4,52.04
2244,773,143,2,4988.77
2245,1673,399,5,1443.5
2246,22,321,1,2972.14
2247,1426,393,2,4770.3
2248,145,327,2,2741.92
2249,1848,406,2,4364.65
2250,1100,168,3,2307.63
2251,1957,349,4,3098.9
2252,584,275,5,2549.64
2253,536,56,4,2679.14
2254,1686,454,1,758.47
2255,1137,434,2,2284.38
2256,1062,19,1,4914.96
2257,229,118,4,741.24
2258,378,43,1,729.17
2259,496,224,4,3860.18
2260,1513,74,1,2638.76
2261,1358,479,2,3497.42
2262,1574,108,1,3995.18
2263,1165,8,3,3465.5
2264,1761,487,2,3665.99
2265,718,237,1,4031.67
2266,802,195,3,544.99
2267,1036,33,2,204.66
2268,688,337,1,599.26
2269,1785,226,2,3728.48
2270,1233,271,2,3387.19
2271,294,281,1,2879.24
2272,229,351,5,2955.25
2273,1095,9,2,3826.5
2274,1483,478,1,3060.11
2275,294,462,2,1363.86
2276,13,196,1,2203.7
2277,1667,199,1,309.17
2278,1756,115,1,3756.55
2279,1155,280,4,684.94
2280,1920,293,3,1398.48
2281,1405,316,2,1996.91
2282,1399,252,3,1647.76
2283,1304,233,2,3913.69
2284,931,275,2,2865.52
2285,296,147,2,221.02
2286,1973,496,3,229.44
2287,1807,83,1,3126.6
2288,885,413,1,1686.98
2289,942,211,5,934.26
2290,1745,117,2,771.77
2291,1721,321,4,2777.77
2292,863,453,4,4229.75
2293,910,488,3,3946.44
2294,692,167,2,2349.7
2295,1482,272,2,2382.27
2296,1460,98,5,122.42
2297,745,461,4,3014.36
2298,768,330,4,1829.07
2299,290,241,4,940.78
2300,616,464,5,2666.88
2301,845,27,3,3765.85
2302,1130,456,4,1467.75
2303,1920,265,4,2275.37
2304,49,356,5,2734.16
2305,1367,89,5,4655.89
2306,1576,80,5,3349.4
2307,1602,411,4,783.67
2308,649,240,2,640.47
2309,1562,477,5,2677.12
2310,1911,391,1,3168.57
2311,1385,50,1,653.01
2312,44,5,1,5282.93
2313,679,437,3,3006.11
2314,416,381,2,535.37
2315,630,431,5,3892.85
2316,1863,162,4,2127.26
2317,973,174,3,2683.84
2318,622,52,2,4298.61
2319,1845,451,4,1636.75
2320,243,273,4,3344.7
2321,325,288,4,52.75
2322,1434,144,2,637.08
2323,2000,59,2,1908.27
2324,1863,228,1,1390.44
2325,278,451,4,1717.29
2326,977,88,5,1650.04
2327,1410,419,4,1217.68
2328,1198,293,1,1272.63
2329,1988,252,5,1755.41
2330,705,454,1,681.8
2331,1816,190,2,2403.15
2332,1279,154,2,2142.85
2333,228,479,2,3698.27
2334,1970,325,1,1448.39
2335,727,309,4,4377.3
2336,33,319,4,71.85
2337,347,187,2,2002.72
2338,1052,144,1,672.93
2339,1003,164,1,1011.57
2340,1330,123,3,3037.71
2341,920,222,3,1187.56
2342,1536,389,1,2863.81
2343,682,283,5,4347.12
2344,22,377,3,1859.13
2345,780,103,4,2332.04
2346,796,19,3,5138.84
2347,1428,193,5,981.41
2348,1749,402,3,1322.83
2349,272,483,3,66.16
2350,1132,99,3,2283.76
2351,171,468,1,1811.89
2352,1650,342,5,4434.32
2353,1835,59,2,1671.44
2354,1652,391,1,2855.4
2355,363,192,5,286.2
2356,1642,122,1,1752.1
2357,20,371,3,844.92
2358,1783,466,2,4779.66
2359,1194,321,4,3128.47
2360,1293,448,1,666.63
2361,1255,63,2,340.24
2362,409,471,1,1135.92
2363,381,47,1,619.11
2364,8,222,2,1299.03
2365,431,26,4,1919.74
2366,657,321,4,2878.73
2367,1675,102,4,1491.96
2368,1240,362,3,1464.76
2369,1499,347,1,2043.87
2370,907,95,1,4676.17
2371,361,499,2,1514.92
2372,1799,278,2,4128.07
2373,1434,64,1,2344.02
2374,386,96,2,4082.91
2375,333,203,5,3598.22
2376,608,308,3,425.44
2377,447,219,3,3640.6
2378,1507,124,3,2390.1
2379,577,387,1,2681.31
2380,129,253,1,2261.21
2381,1270,387,1,3058.91
2382,1381,392,4,2619.01
2383,25,382,3,3196.53
2384,1205,395,3,3847.94
2385,1430,349,1,3033.82
2386,1166,135,3,5217.34
2387,924,184,4,3350.14
2388,759,256,4,4389.42
2389,642,280,2,823.48
2390,468,301,3,2341.31
2391,840,239,3,5206.84
2392,1892,408,4,4626.98
2393,950,445,4,3748.78
2394,313,73,4,660.21
2395,860,487,2,3491.35
2396,1615,163,2,4867.66
2397,819,188,2,3419.74
2398,310,304,2,2163.75
2399,195,9,2,3656.58
2400,555,173,4,828.31
2401,804,82,5,4270.85
2402,569,117,5,659.6
2403,1483,256,2,4510.68
2404,999,497,3,4754.11
2405,1970,55,3,3252.08
2406,1446,245,2,206.91
2407,482,266,2,766.52
2408,853,252,3,1454.5
2409,1294,82,3,4302.02
2410,1401,317,1,1747.63
2411,1227,67,3,2531.72
2412,1485,192,2,332.74
2413,757,290,1,3097.85
2414,37,229,2,1080.28
2415,429,484,2,794.72
2416,1864,447,4,562.4
2417,1612,144,5,620.51
2418,1626,170,2,1722.49
2419,1978,165,5,54.18
2420,1989,467,5,4071.39
2421,1249,122,2,1763.53
2422,1001,289,1,2486.66
2423,642,262,4,3068.2
2424,1537,76,1,881.41
2425,1084,252,3,1599.44
2426,138,231,2,3062.67
2427,1621,395,2,3393.17
2428,746,435,4,5255.05
2429,506,115,3,3664.39
2430,730,423,5,2065.92
2431,300,402,3,1282.07
2432,993,161,5,3772.16
2433,410,422,2,1995.76
2434,1962,473,1,2162.15
2435,606,376,2,468.14
2436,1073,410,2,4309.5
2437,1620,193,1,999.14
2438,611,134,3,2442.27
2439,52,15,4,4181.51
2440,162,189,2,3379.45
2441,915,321,2,2794.41
2442,1217,228,1,1590.48
2443,1919,141,2,3823.03
2444,1447,311,2,3665.05
2445,1202,66,1,881.52
2446,254,27,5,4301.42
2447,978,189,4,3159.46
2448,1127,14,3,5030.61
2449,811,92,1,2172.68
2450,1319,145,5,4321.66
2451,81,453,2,4310.58
2452,1018,33,2,235.05
2453,311,53,2,3565.32
2454,189,387,3,2795.81
2455,693,42,1,1830.66
2456,1009,206,5,3880.72
2457,853,329,2,5019.29
2458,1123,422,2,1724.72
2459,919,82,3,4103.45
2460,466,123,5,2661.54
2461,50,27,2,4121.24
2462,981,22,2,1510.69
2463,1946,79,2,253.17
2464,1026,164,4,902.5
2465,40,262,4,3002.51
2466,49,343,4,730.27
2467,1127,35,5,344.9
2468,74,107,4,352.15
2469,15,179,5,3032.03
2470,1806,189,2,3409.54
2471,814,109,1,3166.87
2472,1875,322,3,893.26
2473,545,285,4,3335.77
2474,328,428,5,4551.89
2475,525,172,3,3714.24
2476,805,62,4,2118.82
2477,60,229,5,1132.04
2478,1577,208,1,4091.82
2479,86,199,2,311.28
2480,410,389,3,2815.78
2481,1706,354,5,59.7
2482,1675,156,1,4688.64
2483,1327,321,3,2707.29
2484,445,262,1,2579.57
2485,444,425,3,2726.05
2486,423,256,4,4980.64
2487,1475,168,4,2451.27
2488,1233,386,4,1815.13
2489,984,288,2,53.21
2490,160,316,1,1882.69
2491,1747,16,1,194.26
2492,1940,141,3,4188.85
2493,912,196,2,2558.64
2494,200,28,2,2098.99
2495,1989,217,3,992.24
2496,156,144,1,603.63
2497,610,395,1,3221.8
2498,619,73,2,600.32
2499,247,471,1,1112.24
2500,1803,477,2,2916.21
2501,30,58,2,125.01
2502,933,446,5,1237.36
2503,560,139,5,2192.07
2504,983,33,2,226.58
2505,442,34,4,4888.49
2506,62,20,4,1269.65
2507,845,90,5,2821.1
2508,1838,23,3,2256.09
2509,1454,145,2,4675.4
2510,1643,137,3,4127.22
2511,1973,447,4,488.02
2512,1660,1,1,2835.08
2513,1789,289,4,2669.61
2514,1145,488,2,4200.34
2515,1466,435,3,5219.97
2516,746,46,4,2546.7
2517,1681,242,3,4274.21
2518,1349,462,5,1443.09
2519,1108,75,3,2854.9
2520,834,90,3,2618.68
2521,958,178,2,3971.56
2522,1668,345,4,4145.07
2523,1384,278,4,3991.75
2524,178,309,2,3794.28
2525,682,474,4,3113.9
2526,924,386,2,1960.63
2527,1823,22,2,1610.89
2528,1227,175,2,3374.85
2529,1744,409,2,1068.86
2530,1689,355,4,2502.85
2531,1804,58,5,149.66
2532,86,267,1,851.08
2533,522,479,2,3530.15
2534,1515,117,3,729.09
2535,1002,60,3,2954.82
2536,1124,480,4,1200.42
2537,449,296,4,4664.4
2538,1409,385,2,1009.03
2539,1312,330,2,1884.91
2540,1467,1,5,2782.13
2541,1639,56,1,2543.79
2542,1424,487,4,3709.02
2543,621,423,1,1899.94
2544,1949,418,1,4655.8
2545,64,152,2,1123.92
2546,1696,398,1,174.39
2547,520,232,4,2704.39
2548,1936,184,1,3298.62
2549,1430,306,4,1098.82
2550,768,107,5,357.68
2551,1208,471,5,1077.97
2552,1216,22,1,1722.53
2553,1024,164,3,907.84
2554,1435,243,4,3886.1
2555,1542,276,4,93.33
2556,1411,301,3,2566.73
2557,1944,498,1,2868.84
2558,779,20,1,1387.87
2559,973,130,1,100.46
2560,503,371,1,997.89
2561,932,195,2,614.79
2562,1237,241,3,925.61
2563,1132,398,4,175.18
2564,444,315,1,2206.8
2565,1401,66,1,930.99
2566,1916,260,5,3561.43
2567,372,238,5,4368.06
2568,795,411,1,904.97
2569,519,300,5,1534.9
2570,1006,90,3,2784.68
2571,1749,84,5,1115.13
2572,679,219,2,3532.34
2573,1984,429,4,1232.39
2574,996,128,2,3702.96
2575,1583,193,2,922.2
2576,458,175,5,3592.71
2577,1732,253,4,2207.3
2578,1656,359,1,825.89
2579,208,85,5,2106.62
2580,1153,13,3,4018.11
2581,1627,358,5,3808.75
2582,1839,356,5,2828.17
2583,218,215,3,2647.99
2584,894,286,1,491.11
2585,134,45,3,4574.93
2586,973,206,2,3851.49
2587,1857,476,1,429.73
2588,50,83,2,2945.67
2589,1362,101,5,1395.17
2590,765,286,1,449.67
2591,1989,405,5,3796.31
2592,847,60,2,3098.22
2593,415,76,4,825.8
2594,23,191,1,360.35
2595,231,269,5,3949.72
2596,1087,5,2,4681.72
2597,655,472,4,2405.54
2598,1641,110,4,4571.96
2599,980,246,2,3794.14
2600,795,284,5,1252.36
2601,1759,412,2,3719.43
2602,1757,262,1,2648.9
2603,979,263,1,3025.42
2604,1160,85,4,2155.6
2605,1720,321,2,2782.79
2606,1696,135,4,4897.19
2607,88,446,4,1107.35
2608,57,99,3,2367.45
2609,801,231,2,3198.51
2610,1534,465,5,2446.74
2611,1945,405,4,3688.29
2612,1324,447,2,547.08
2613,495,307,4,2171.27
2614,1584,39,1,3841.3
2615,855,34,2,5052.33
2616,1583,329,3,4307.84
2617,806,144,3,609.4
2618,622,429,3,1355.84
2619,1883,158,4,3485.75
2620,1048,250,5,4468.46
2621,1424,287,5,2999.97
2622,1228,339,2,3605.09
2623,962,173,4,809.48
2624,1998,176,5,2405.53
2625,1294,33,3,205.8
2626,1914,139,5,2605.12
2627,1052,117,3,676.92
2628,1858,123,3,2959.15
2629,1992,157,3,3064.9
2630,1061,347,3,1971.51
2631,1225,218,2,4185.73
2632,1574,314,2,718.96
2633,1643,395,2,3685.96
2634,1408,352,5,4781.88
2635,1133,165,4,48.26
2636,1192,267,3,863.95
2637,1308,127,3,3646.15
2638,375,455,4,3759.1
2639,768,126,3,2352.72
2640,1910,291,3,4558.55
2641,300,131,3,777.54
2642,255,495,5,4188.14
2643,806,2,3,1333.34
2644,1901,254,5,1299.63
2645,1196,421,5,683.27
2646,862,102,4,1365.19
2647,1287,251,4,2024.03
2648,896,199,2,282.44
2649,371,63,1,363.03
2650,85,434,1,2088.9
2651,1124,275,1,2540.04
2652,1896,381,2,597.09
2653,82,457,1,1432.96
2654,21,58,5,131.86
2655,1474,142,2,1520.05
2656,473,113,5,3085.63
2657,1540,137,3,4951.35
2658,1722,122,5,1543.94
2659,1197,163,2,5247.48
2660,1651,495,2,4573.37
2661,1110,316,2,1845.99
2662,187,293,3,1424.48
2663,1658,249,2,4334.24
2664,1732,209,4,383.2
2665,1249,85,2,2448.4
2666,573,55,3,3206.7
2667,892,297,4,4034.08
2668,914,110,1,4614.39
2669,837,365,2,336.74
2670,1514,455,5,3567.03
2671,1538,195,3,529.75
2672,421,452,4,4759.31
2673,1618,449,3,348.38
2674,43,256,4,4578.99
2675,1717,227,3,2951.07
2676,296,361,4,535.34
2677,345,404,2,2681.54
2678,644,181,2,309.33
2679,1465,149,4,1159.44
2680,1230,450,1,3035.04
2681,1406,479,1,3539.14
2682,927,366,4,124.88
2683,1171,177,1,1270.88
2684,1006,224,4,3942.33
2685,184,224,2,3588.22
2686,552,188,3,4099.79
2687,981,81,5,2887.45
2688,1321,265,2,2352.56
2689,1733,19,3,5419.62
2690,99,390,2,667.47
2691,190,316,1,2122.99
2692,513,41,3,3042.74
2693,928,77,4,1621.44
2694,571,446,2,1244.14
2695,839,160,1,3045.66
2696,475,447,1,478.05
2697,1173,336,2,1990.04
2698,591,281,4,2618.97
2699,1833,86,2,2084.73
2700,1235,365,1,311.73
2701,552,419,5,1323.05
2702,255,399,3,1436.07
2703,1482,92,2,2094.4
2704,504,403,2,2446.0
2705,1570,140,1,2800.04
2706,1026,259,4,2987.43
2707,277,86,2,2002.03
2708,1734,68,5,2459.09
2709,1709,189,3,3453.59
2710,948,126,1,2383.17
2711,1462,128,5,3831.49
2712,1546,22,4,1518.97
2713,279,1,5,2469.53
2714,1637,251,4,2056.7
2715,1128,278,5,4250.73
2716,956,493,5,4603.66
2717,725,403,4,2769.75
2718,1540,129,4,2878.44
2719,342,258,2,3972.97
2720,1649,19,5,4655.75
2721,753,432,5,225.03
2722,1852,212,3,2584.41
2723,766,13,2,3917.58
2724,1537,9,2,3525.22
2725,922,443,2,3463.03
2726,1330,407,2,1265.57
2727,292,9,4,4037.25
2728,518,250,4,4480.48
2729,761,452,2,4328.19
2730,852,492,2,1676.35
2731,1838,328,3,584.93
2732,767,28,4,2091.44
2733,1817,335,1,5199.11
2734,1226,151,5,534.6
2735,1130,245,4,183.93
2736,139,181,3,304.68
2737,1889,260,1,3360.84
2738,299,382,3,3219.14
2739,123,13,5,4076.22
2740,761,13,3,4026.46
2741,1636,314,5,661.57
2742,669,146,5,4647.22
2743,1200,64,4,2425.41
2744,888,391,5,3107.61
2745,1493,384,1,601.6
2746,1983,79,4,252.18
2747,677,339,3,3556.29
2748,295,73,2,663.27
2749,191,316,4,1995.73
2750,452,22,1,1511.3
2751,1953,69,5,764.28
2752,397,214,2,3570.92
2753,875,281,2,2670.58
2754,2,34,1,4654.77
2755,544,373,1,2242.83
2756,449,240,2,730.82
2757,1895,345,1,3941.3
2758,1371,236,3,1283.98
2759,1264,373,4,2466.45
2760,1958,490,5,2363.11
2761,1123,456,3,1702.44
2762,1294,341,2,2118.93
2763,1368,350,5,4103.88
2764,1066,350,5,3675.91
2765,1594,460,1,4156.65
2766,889,248,5,1450.19
2767,616,256,4,5004.38
2768,106,488,3,4110.52
2769,219,422,2,1746.7
2770,1730,402,2,1267.61
2771,951,464,1,2327.01
2772,1429,278,4,4071.47
2773,1521,205,3,160.88
2774,613,42,5,1767.25
2775,986,486,1,2022.07
2776,1588,161,1,4009.62
2777,893,208,2,4622.77
2778,849,243,3,3971.04
2779,1921,190,2,2429.1
2780,997,451,4,1934.32
2781,1206,110,2,4783.21
2782,587,125,2,1166.83
2783,689,82,5,4532.66
2784,772,437,1,3001.48
2785,169,408,2,4532.61
2786,1107,220,1,1032.86
2787,1914,497,2,4871.72
2788,106,2,1,1451.49
2789,274,150,3,5116.79
2790,1391,352,3,5329.36
2791,1365,293,2,1247.0
2792,1829,159,1,1382.05
2793,1194,43,5,760.43
2794,1,421,2,775.59
2795,1838,201,4,4347.93
2796,221,137,5,4646.23
2797,1714,270,5,3852.57
2798,583,71,5,3862.34
2799,1746,134,5,2417.95
2800,197,255,3,2382.37
2801,66,202,2,395.82
2802,1424,243,3,3849.2
2803,1950,261,4,946.84
2804,857,414,3,2928.29
2805,1365,168,4,2328.98
2806,305,361,1,544.45
2807,121,301,2,2694.52
2808,221,230,1,286.34
2809,579,395,3,3433.32
2810,1187,123,4,3048.3
2811,840,63,5,405.48
2812,1494,301,2,2407.48
2813,1835,243,3,3737.51
2814,321,201,1,3831.24
2815,101,17,3,4226.53
2816,798,96,4,4055.35
2817,1349,495,3,4206.11
2818,921,69,4,865.43
2819,1349,162,5,2284.03
2820,1778,359,2,710.06
2821,1955,129,4,2816.74
2822,1794,172,2,3676.59
2823,492,263,3,2812.73
2824,1859,104,4,3989.16
2825,79,395,3,3203.5
2826,1457,176,3,2533.37
2827,691,2,5,1344.45
2828,414,109,5,3163.85
2829,561,272,5,2475.8
2830,1210,314,2,723.76
2831,891,395,1,3871.72
2832,932,494,5,3867.57
2833,595,276,4,97.35
2834,92,146,4,4613.47
2835,1207,322,1,930.88
2836,972,425,4,3132.14
2837,1873,453,2,4394.06
2838,1891,162,2,2232.44
2839,921,136,1,1811.86
2840,1673,118,5,844.21
2841,521,203,5,3339.02
2842,470,21,4,1688.6
2843,490,204,1,4208.02
2844,1964,39,3,4129.16
2845,1097,417,4,5198.69
2846,34,257,3,2225.35
2847,1575,308,4,447.18
2848,1189,110,5,4908.78
2849,589,400,2,3428.56
2850,1896,200,3,3661.74
2851,363,280,1,772.12
2852,1404,220,2,947.43
2853,1939,246,2,3638.46
2854,1907,384,2,621.15
2855,1347,150,4,4825.77
2856,332,464,2,2463.63
2857,741,50,3,650.31
2858,634,278,1,4222.52
2859,157,80,1,3500.54
2860,1953,123,3,2667.07
2861,1977,92,4,2076.69
2862,692,63,5,373.41
2863,953,262,5,2635.61
2864,570,403,1,2486.43
2865,724,91,2,1185.29
2866,1117,484,1,782.22
2867,1866,468,1,1874.29
2868,130,84,2,1141.17
2869,1070,418,2,5150.58
2870,981,474,3,3369.39
2871,62,175,4,3584.63
2872,213,414,4,2702.85
2873,435,86,4,2064.44
2874,1585,301,1,2630.65
2875,2000,382,4,2919.93
2876,1142,395,3,3522.22
2877,1316,189,1,3198.51
2878,75,232,5,2325.88
2879,728,9,3,4102.41
2880,1329,174,1,2535.27
2881,1986,162,1,2243.83
2882,275,432,5,215.53
2883,1150,393,2,4449.68
2884,970,254,5,1325.56
2885,1487,390,5,683.29
2886,1661,17,3,4183.02
2887,504,160,4,3287.43
2888,601,20,1,1361.42
2889,1924,154,2,2137.66
2890,1426,133,2,4640.3
2891,575,175,1,3582.11
2892,1998,272,4,2462.18
2893,632,379,1,4636.39
2894,54,146,1,4608.83
2895,1781,71,5,4595.45
2896,1228,437,1,3012.78
2897,195,500,3,1295.8
2898,652,455,5,3376.62
2899,435,299,2,3006.0
2900,101,142,5,1528.73
2901,1546,278,1,4402.61
2902,1663,365,5,343.87
2903,1783,354,5,58.22
2904,1348,153,4,2936.49
2905,1541,477,4,2437.71
2906,191,337,1,554.73
2907,281,36,5,2359.51
2908,9,55,1,3839.21
2909,961,415,5,1409.94
2910,219,136,5,1758.46
2911,1834,407,3,1251.23
2912,345,95,5,4807.75
2913,1436,444,1,3203.84
2914,964,112,2,4909.85
2915,347,378,5,626.73
2916,489,209,5,365.69
2917,1793,140,2,2835.47
2918,1009,281,4,2496.55
2919,433,314,2,689.13
2920,1690,271,2,3390.66
2921,829,499,5,1641.67
2922,590,138,1,1685.58
2923,1448,216,5,2192.83
2924,1020,1,4,2825.79
2925,1210,98,2,126.73
2926,1181,95,5,4962.73
2927,246,496,2,242.71
2928,1457,21,2,1691.84
2929,1526,24,4,4680.62
2930,273,495,1,4052.08
2931,1177,2,1,1504.24
2932,1700,357,1,2014.64
2933,700,106,2,966.96
2934,1484,332,3,1591.67
2935,666,211,5,874.74
2936,1394,141,2,3813.37
2937,1757,326,4,1172.85
2938,724,97,2,2509.64
2939,1004,251,4,2164.6
2940,101,130,4,89.69
2941,325,32,1,3644.56
2942,1533,235,2,927.96
2943,847,57,2,4263.47
2944,581,144,1,574.12
2945,970,403,1,2854.99
2946,1202,233,2,3810.49
2947,921,103,3,2238.79
2948,1720,245,3,221.32
2949,329,246,2,3799.33
2950,36,400,4,3516.61
2951,788,113,5,3307.59
2952,1044,329,1,5156.16
2953,549,370,3,1133.07
2954,1413,51,5,827.83
2955,1638,159,1,1501.15
2956,129,291,1,5016.4
2957,495,461,2,2904.7
2958,1552,491,5,291.42
2959,1753,315,5,2280.41
2960,1888,94,5,2146.97
2961,7,77,3,1846.55
2962,1574,354,4,60.8
2963,1164,175,2,3014.11
2964,384,56,4,2664.69
2965,515,357,5,2367.61
2966,409,322,5,834.96
2967,1158,289,4,2430.18
2968,967,320,2,3660.22
2969,666,24,3,4793.85
2970,966,389,3,2633.05
2971,1010,117,5,693.48
2972,34,354,5,52.8
2973,1835,71,1,4003.1
2974,420,240,1,662.96
2975,211,349,5,3262.17
2976,904,368,2,2394.25
2977,448,190,3,2417.86
2978,24,471,1,1101.59
2979,575,330,4,1936.27
2980,1830,108,2,3512.36
2981,1253,61,3,1423.91
2982,1621,307,2,2178.03
2983,91,244,5,1396.85
2984,343,337,1,603.4
2985,1897,432,2,233.99
2986,1630,211,1,965.95
2987,182,258,5,3769.02
2988,569,1,3,2541.7
2989,1915,183,5,4849.78
2990,1426,85,1,2055.62
2991,1285,293,3,1229.01
2992,395,89,2,5191.37
2993,1511,24,2,4681.68
2994,1695,108,3,3592.01
2995,944,32,2,3561.94
2996,1267,69,2,737.74
2997,751,322,3,895.37
2998,1710,352,1,4851.06
2999,1708,462,4,1380.23
3000,16,88,5,1527.05
3001,359,351,4,3458.74
3002,223,44,2,1658.67
3003,150,79,4,228.14
3004,470,359,3,805.36
3005,1462,267,5,963.83
3006,1946,462,5,1609.22
3007,676,454,5,697.76
3008,1092,339,4,3456.05
3009,871,89,4,4985.21
3010,572,162,2,1992.0
3011,1897,376,1,543.87
3012,402,208,5,4170.92
3013,953,475,5,704.85
3014,237,408,1,4495.47
3015,471,378,1,597.21
3016,1148,246,5,3939.4
3017,1460,378,1,610.58
3018,1061,93,2,259.78
3019,1637,65,1,612.5
3020,1042,440,1,2194.96
3021,495,276,3,89.48
3022,1076,276,3,81.35
3023,681,282,2,3686.42
3024,91,219,2,3824.17
3025,287,412,1,4304.58
3026,1061,76,1,881.63
3027,865,370,1,1194.26
3028,1511,390,2,680.63
3029,1396,142,3,1745.18
3030,62,17,1,4166.67
3031,1588,341,1,2278.88
3032,172,166,5,504.72
3033,167,43,4,718.83
3034,1952,413,5,1616.12
3035,1327,191,5,360.13
3036,53,369,3,1542.14
3037,641,195,5,605.79
3038,1323,149,3,1128.1
3039,327,44,2,1589.78
3040,1230,343,4,710.9
3041,589,252,1,1618.63
3042,309,90,3,2744.53
3043,1027,319,3,70.48
3044,778,241,4,926.85
3045,958,14,1,4457.07
3046,6,339,2,3247.34
3047,774,177,1,1343.36
3048,741,371,5,938.97
3049,308,208,1,4242.4
3050,483,212,3,2460.93
3051,1048,117,3,772.22
3052,1355,26,2,1790.67
3053,1608,296,1,4687.66
3054,1132,366,4,106.96
3055,109,209,4,382.14
3056,1234,439,4,2030.06
3057,1266,182,1,1625.61
3058,1582,320,5,4114.1
3059,379,65,3,589.76
3060,1643,25,4,5285.65
3061,518,428,5,4868.47
3062,1875,271,3,3706.04
3063,1282,376,2,488.48
3064,1122,486,2,1852.67
3065,1057,100,2,2847.63
3066,1083,332,3,1374.43
3067,497,80,2,3370.1
3068,1427,205,3,167.41
3069,1487,88,3,1573.16
3070,835,153,2,2973.61
3071,1802,215,2,2798.56
3072,755,370,5,1215.51
3073,883,110,3,4489.49
3074,169,237,4,4608.72
3075,598,485,4,2838.17
3076,321,182,3,1674.69
3077,1552,149,1,1152.53
3078,383,207,3,5250.92
3079,697,279,3,559.32
3080,393,492,1,1976.21
3081,1370,44,3,1565.85
3082,843,406,3,4182.01
3083,1051,295,5,983.76
3084,1035,470,2,3184.6
3085,1497,56,5,2479.2
3086,1429,257,3,2080.35
3087,680,372,4,165.07
3088,1250,426,3,3301.29
3089,77,149,1,1113.99
3090,1747,150,2,4421.74
3091,428,497,3,4845.45
3092,398,425,5,2927.14
3093,646,453,4,4480.17
3094,1492,114,1,218.71
3095,185,49,4,3618.14
3096,1078,239,1,5053.22
3097,1115,25,2,4972.41
3098,494,304,2,1824.2
3099,1009,111,3,3685.06
3100,463,21,1,1924.84
3101,1482,40,5,2092.3
3102,1560,259,3,2766.94
3103,798,49,5,3444.85
3104,1758,209,5,428.49
3105,1827,5,2,4396.46
3106,428,421,1,647.44
3107,1201,55,4,3442.7
3108,230,282,5,3679.84
3109,1073,474,4,2892.44
3110,684,242,4,4352.37
3111,541,374,5,26.05
3112,246,492,4,1924.39
3113,1878,2,2,1571.52
3114,803,189,3,3478.01
3115,275,454,3,642.1
3116,1237,37,5,762.49
3117,1310,396,1,853.04
3118,1105,150,4,4409.64
3119,1086,245,1,196.18
3120,1202,72,4,3340.11
3121,399,88,2,1665.01
3122,1929,111,5,4060.24
3123,303,38,3,169.53
3124,687,173,1,867.19
3125,523,479,3,3170.9
3126,267,267,1,930.99
3127,1699,188,3,3886.82
3128,487,253,4,2537.25
3129,892,495,1,4543.84
3130,1064,356,2,2669.98
3131,874,400,1,3971.28
3132,1934,99,1,2460.46
3133,1066,454,4,662.56
3134,815,453,1,4392.91
3135,792,79,1,240.66
3136,657,482,1,1625.9
3137,1952,90,3,2715.27
3138,1839,175,4,3251.37
3139,1043,282,5,3723.97
3140,223,249,4,4804.55
3141,870,391,2,3136.99
3142,1273,108,3,4193.22
3143,595,384,1,648.71
3144,496,156,1,5205.08
3145,1626,271,2,3880.53
3146,702,153,5,3023.93
3147,1509,458,4,2785.06
3148,95,109,3,3222.35
3149,1259,371,1,865.64
3150,1367,190,1,2604.42
3151,1241,421,3,650.43
3152,1157,298,3,1562.15
3153,586,294,1,4210.85
3154,1464,232,5,2724.67
3155,1654,85,5,2226.34
3156,1447,294,4,4608.39
3157,1571,320,4,3953.62
3158,1781,400,5,3830.33
3159,1315,310,4,1413.25
3160,184,456,2,1582.95
3161,1097,402,4,1307.16
3162,1305,488,2,4092.01
3163,677,290,1,2606.6
3164,1582,257,5,2233.14
3165,1268,406,2,4790.15
3166,1953,90,1,2778.64
3167,379,430,2,2892.38
3168,603,400,4,3447.44
3169,828,289,1,2531.74
3170,836,319,5,69.3
3171,969,80,1,3190.94
3172,937,392,1,2385.7
3173,1315,227,2,2701.05
3174,634,288,2,56.83
3175,1065,311,5,3492.7
3176,1860,186,5,2465.42
3177,284,337,1,619.44
3178,1713,420,1,4174.9
3179,1838,177,1,1427.93
3180,292,462,5,1539.04
3181,890,175,2,3033.18
3182,832,303,5,1796.05
3183,1386,76,3,848.82
3184,192,402,5,1356.71
3185,775,177,1,1283.28
3186,1892,425,5,2746.84
3187,987,415,2,1428.74
3188,1570,98,3,128.19
3189,1171,173,1,966.32
3190,516,432,3,220.04
3191,817,278,5,3781.2
3192,1631,396,5,808.62
3193,557,321,1,3090.32
3194,1706,492,2,1717.93
3195,3,4,5,972.18
3196,890,308,4,423.57
3197,129,29,4,1359.51
3198,1032,104,2,3495.76
3199,1668,314,1,644.84
3200,99,485,5,2363.96
3201,115,314,1,686.65
3202,601,323,3,1374.36
3203,112,233,2,3857.61
3204,1768,323,5,1351.56
3205,1945,227,2,2971.59
3206,104,374,3,26.51
3207,554,9,4,4033.68
3208,907,307,2,2067.6
3209,120,366,2,128.25
3210,1487,207,4,5225.41
3211,1376,67,3,2565.28
3212,40,285,4,3626.19
3213,1485,321,4,3048.54
3214,1891,25,5,5338.08
3215,1433,478,3,3237.91
3216,47,204,5,5081.28
3217,539,35,2,415.56
3218,416,233,2,3719.53
3219,1955,477,2,2584.52
3220,415,177,4,1416.37
3221,223,240,1,680.82
3222,951,6,2,2562.01
3223,1389,53,2,3250.02
3224,1,195,4,540.25
3225,488,423,3,2022.6
3226,272,240,5,674.22
3227,2000,177,2,1275.19
3228,447,230,5,283.13
3229,608,158,1,3101.22
3230,1487,493,5,4175.56
3231,662,25,4,4519.03
3232,603,262,1,2590.51
3233,884,142,1,1520.23
3234,485,232,3,2334.22
3235,1704,53,5,3477.0
3236,222,475,4,712.64
3237,1518,405,5,3681.01
3238,349,469,1,4473.4
3239,1708,83,4,3300.65
3240,1832,421,2,727.88
3241,210,322,5,799.43
3242,1906,499,5,1586.56
3243,1119,175,4,3504.98
3244,1607,375,4,1447.45
3245,479,389,2,2735.7
3246,1792,422,1,1893.78
3247,1737,264,3,3571.51
3248,837,15,5,3927.32
3249,1537,231,1,3419.82
3250,1010,403,5,2822.54
3251,1473,326,1,1244.24
3252,929,245,4,210.65
3253,1764,481,4,2267.99
3254,1062,400,1,3942.36
3255,748,392,5,2184.15
3256,295,44,2,1625.43
3257,370,115,3,3661.61
3258,1381,82,4,4077.62
3259,1391,448,1,711.98
3260,1592,172,4,3985.79
3261,1920,54,4,1509.72
3262,1167,77,5,1770.06
3263,1334,395,1,3862.67
3264,1169,72,4,3067.43
3265,1985,234,1,2148.49
3266,1142,303,3,1717.95
3267,482,221,5,176.97
3268,592,402,1,1355.66
3269,1952,82,1,4113.79
3270,1743,170,5,1755.64
3271,1417,374,5,25.76
3272,888,500,3,1419.55
3273,1040,497,2,4409.98
3274,611,452,5,4697.02
3275,1049,284,1,1251.42
3276,581,178,5,3733.72
3277,1040,235,1,1008.89
3278,1424,336,3,1861.33
3279,1892,92,5,2131.57
3280,823,230,2,302.7
3281,1105,394,2,2242.07
3282,54,479,3,3575.68
3283,780,400,5,3400.42
3284,131,369,4,1700.68
3285,1014,313,4,2240.8
3286,1110,77,5,1812.18
3287,1875,224,2,3777.54
3288,1715,428,5,4482.08
3289,1182,101,1,1408.65
3290,1620,330,5,1914.78
3291,2,205,2,168.21
3292,756,27,1,4163.39
3293,1359,459,4,1533.23
3294,781,373,4,2304.44
3295,1166,20,1,1151.05
3296,344,144,2,662.83
3297,1595,383,3,2859.95
3298,550,129,5,2683.1
3299,806,236,2,1231.26
3300,288,181,5,335.9
3301,603,96,2,3922.36
3302,1400,273,3,3239.07
3303,1617,201,2,4352.92
3304,1775,482,5,1455.22
3305,1914,53,2,3435.71
3306,534,41,3,3139.14
3307,383,273,4,3252.75
3308,365,468,4,1993.14
3309,344,496,4,238.22
3310,1938,302,2,465.5
3311,704,272,3,2585.78
3312,210,115,5,3826.71
3313,218,287,3,2882.24
3314,750,14,4,5347.16
3315,1063,135,5,5446.02
3316,665,9,4,3820.0
3317,1584,349,3,2844.74
3318,460,4,5,883.09
3319,246,450,5,3160.67
3320,1689,296,1,4398.43
3321,1872,247,2,1110.56
3322,97,102,3,1438.48
3323,1192,121,1,2267.33
3324,177,430,4,2664.45
3325,630,46,4,2410.42
3326,221,168,2,2634.06
3327,220,111,3,4157.53
3328,1269,454,4,664.15
3329,975,373,5,2406.32
3330,200,122,4,1758.72
3331,1744,163,5,4532.95
3332,545,488,1,4316.31
3333,581,487,1,4066.45
3334,73,398,4,163.39
3335,785,316,1,2055.12
3336,1426,303,5,1714.35
3337,124,310,2,1405.99
3338,1552,245,3,182.56
3339,266,121,5,2540.97
3340,1143,439,4,2090.71
3341,334,456,3,1461.49
3342,1142,415,4,1569.98
3343,853,30,5,1792.65
3344,1038,213,4,4003.22
3345,1104,227,2,2762.09
3346,284,253,5,2430.12
3347,691,380,3,2099.29
3348,1109,324,5,813.24
3349,865,494,3,3604.2
3350,1614,365,3,363.8
3351,365,258,5,3432.38
3352,1865,61,4,1694.87
3353,681,14,1,4547.29
3354,1808,21,3,1624.61
3355,763,328,2,510.16
3356,149,491,1,267.06
3357,1637,167,1,2442.09
3358,427,3,4,1705.1
3359,70,268,4,2466.92
3360,1138,378,1,537.71
3361,582,156,5,4614.78
3362,1075,316,5,1995.4
3363,1270,367,4,3380.96
3364,1973,436,2,829.51
3365,867,230,4,334.17
3366,1474,487,4,3698.3
3367,307,383,3,2661.36
3368,1733,264,2,4188.17
3369,1883,189,1,3258.95
3370,1077,112,2,4981.81
3371,1450,279,1,572.76
3372,1510,69,1,763.62
3373,259,103,1,2203.47
3374,1284,157,1,3347.25
3375,773,379,1,4354.61
3376,1065,126,4,2364.13
3377,328,105,4,2093.18
3378,707,13,4,4094.94
3379,828,266,4,733.12
3380,363,403,3,2539.27
3381,984,238,3,4410.24
3382,1152,322,2,811.74
3383,777,80,1,3493.71
3384,667,73,5,645.18
3385,1673,398,4,180.26
3386,784,461,2,3132.36
3387,1495,53,5,3472.84
3388,1780,94,1,2184.98
3389,1322,241,4,954.44
3390,1408,111,2,3735.64
3391,1897,290,2,2919.45
3392,1960,429,3,1461.07
3393,373,89,5,4540.66
3394,1863,315,4,2118.49
3395,1806,88,4,1708.99
3396,1638,168,5,2549.84
3397,155,328,5,518.1
3398,1128,74,2,2529.0
3399,666,335,2,4707.06
3400,1617,296,5,5149.55
3401,417,164,3,946.1
3402,547,214,4,3114.53
3403,1510,381,2,619.62
3404,331,414,2,2638.5
3405,1930,11,3,3729.51
3406,1773,130,4,101.14
3407,1252,367,2,3539.76
3408,1830,229,5,1132.09
3409,899,2,2,1368.45
3410,902,36,3,2394.32
3411,505,342,4,4424.27
3412,1556,270,1,4559.58
3413,439,252,3,1678.48
3414,284,297,5,4102.07
3415,498,67,1,2340.24
3416,276,407,1,1282.0
3417,1123,97,1,2184.04
3418,544,390,5,713.43
3419,1661,482,4,1607.56
3420,1063,258,5,3711.95
3421,898,179,3,3021.4
3422,1367,264,2,3709.07
3423,1306,274,1,3228.44
3424,1636,429,1,1460.12
3425,414,9,3,3571.99
3426,484,473,1,2073.19
3427,1669,294,5,4816.52
3428,657,57,3,3929.85
3429,1711,447,2,485.41
3430,1786,373,1,2282.37
3431,47,399,5,1345.4
3432,343,399,5,1570.44
3433,1535,179,1,3009.99
3434,621,102,5,1426.0
3435,395,30,2,1679.79
3436,1868,3,4,1794.38
3437,170,108,4,3966.01
3438,191,312,2,587.44
3439,815,25,2,4998.54
3440,237,107,4,346.78
3441,840,239,2,5083.62
3442,110,59,1,1886.82
3443,238,58,1,133.09
3444,266,468,1,1713.36
3445,1265,370,2,1054.23
3446,1481,176,5,2467.18
3447,1557,225,2,2740.06
3448,1896,319,2,69.93
3449,76,151,4,558.51
3450,779,173,1,830.19
3451,1353,92,3,2230.63
3452,1591,267,3,851.05
3453,361,52,1,3721.2
3454,1618,286,5,489.32
3455,288,473,1,2051.69
3456,1181,341,2,2118.97
3457,308,306,2,1095.73
3458,36,431,2,4538.43
3459,1435,434,3,2224.4
3460,1478,195,1,625.4
3461,1660,380,1,2038.11
3462,1650,477,5,2531.06
3463,1222,177,5,1210.39
3464,1017,422,1,1697.51
3465,469,497,2,4558.95
3466,565,98,3,118.93
3467,1126,168,4,2491.69
3468,629,391,2,3361.75
3469,1734,14,1,4668.16
3470,1819,381,1,607.65
3471,289,247,4,1182.69
3472,253,186,4,2448.21
3473,473,286,1,471.55
3474,341,307,4,2213.72
3475,1473,370,4,1271.06
3476,873,442,4,679.97
3477,468,67,3,2328.79
3478,1088,333,1,2611.11
3479,702,164,2,890.92
3480,1696,450,1,3166.18
3481,455,360,3,549.4
3482,67,128,1,3746.48
3483,1262,186,4,2588.82
3484,1960,255,4,2362.75
3485,755,217,3,1020.86
3486,1276,34,5,4861.89
3487,1387,399,3,1591.03
3488,584,218,2,4326.47
3489,515,246,2,4299.15
3490,1714,415,4,1378.03
3491,6,57,1,3600.19
3492,1576,61,5,1642.05
3493,252,20,4,1195.92
3494,1135,118,4,751.43
3495,566,391,4,3373.65
3496,332,217,5,949.54
3497,27,265,3,2121.11
3498,918,55,1,3309.93
3499,1779,369,3,1528.34
3500,1443,32,2,3425.16
3501,1042,22,1,1632.56
3502,505,28,2,2139.47
3503,681,41,3,3311.29
3504,740,497,3,4629.78
3505,1008,154,4,1945.06
3506,359,59,1,1923.12
3507,36,290,3,2794.7
3508,1089,441,3,10.49
3509,916,219,5,3987.31
3510,520,255,1,2113.27
3511,1150,3,2,1708.56
3512,1244,207,4,4623.36
3513,1889,131,4,812.92
3514,895,422,3,1747.05
3515,1199,33,2,217.63
3516,1433,438,1,1853.05
3517,118,137,4,4472.56
3518,206,160,5,3566.76
3519,52,387,1,2627.55
3520,104,229,4,1128.74
3521,255,468,1,1739.58
3522,1534,336,2,1794.01
3523,1114,394,1,2229.51
3524,1681,367,3,3429.94
3525,1176,2,1,1405.9
3526,649,402,3,1255.03
3527,1251,312,5,537.42
3528,610,332,4,1605.08
3529,1904,468,5,1791.81
3530,1084,253,1,2398.75
3531,407,238,1,4656.75
3532,1667,213,5,3693.03
3533,1536,150,4,4294.13
3534,1957,51,4,806.43
3535,588,488,4,3672.49
3536,1170,137,2,4331.4
3537,1561,166,2,534.14
3538,1510,353,5,5279.81
3539,1219,149,1,1091.66
3540,1251,229,1,1177.21
3541,1458,422,2,2033.47
3542,1810,221,2,184.73
3543,54,110,5,4843.62
3544,944,420,2,4116.35
3545,217,46,2,2453.13
3546,1354,341,3,2265.0
3547,195,436,5,867.95
3548,1933,499,2,1708.88
3549,757,351,5,3367.41
3550,1171,263,5,2808.07
3551,919,462,1,1376.54
3552,172,500,1,1344.82
3553,1497,429,5,1356.44
3554,1976,149,5,1165.74
3555,63,418,1,5280.41
3556,1988,280,3,812.84
3557,623,274,1,3059.5
3558,925,485,3,2785.35
3559,1069,263,2,2886.31
3560,1170,226,3,4465.41
3561,897,478,2,2863.29
3562,127,416,5,4460.08
3563,96,215,4,2648.33
3564,1366,48,2,1147.59
3565,1725,97,1,2280.78
3566,614,305,1,3111.04
3567,1914,81,4,3099.19
3568,1382,419,2,1274.79
3569,1229,344,5,1247.76
3570,309,238,4,4781.07
3571,1185,483,4,75.07
3572,1362,326,1,1148.64
3573,1206,182,1,1454.27
3574,530,464,5,2645.67
3575,868,58,1,132.33
3576,1013,461,2,3068.09
3577,363,250,5,4375.2
3578,1144,115,4,3450.39
3579,726,55,4,3759.19
3580,1190,409,4,1128.97
3581,373,150,5,4796.08
3582,1897,216,3,2398.98
3583,1711,313,5,2171.38
3584,510,369,5,1580.29
3585,880,14,5,4674.33
3586,640,78,1,3767.81
3587,314,288,4,50.51
3588,292,82,3,4873.4
3589,1188,390,4,669.53
3590,564,278,1,4104.71
3591,1030,496,2,238.15
3592,545,274,5,3232.25
3593,467,315,4,2040.74
3594,282,133,2,4273.23
3595,1542,270,5,4167.31
3596,140,218,1,3661.36
3597,183,154,1,1893.06
3598,1202,459,2,1501.5
3599,733,339,5,3584.4
3600,1311,418,2,4628.24
3601,1464,209,2,374.03
3602,974,369,1,1627.66
3603,700,96,1,4183.97
3604,1881,131,5,734.18
3605,194,206,1,3717.14
3606,1864,85,3,2207.02
3607,1537,155,3,3404.55
3608,256,316,3,1878.65
3609,1332,17,3,4251.78
3610,561,15,4,4291.95
3611,824,433,4,570.91
3612,1837,467,1,4676.15
3613,1582,265,3,2134.65
3614,1218,276,5,89.85
3615,1292,22,1,1678.49
3616,1775,206,5,3816.58
3617,298,50,4,589.35
3618,555,212,1,2655.55
3619,1613,116,5,2443.1
3620,379,471,4,1059.8
3621,1940,136,5,1904.57
3622,1359,276,2,90.63
3623,1432,500,5,1382.17
3624,1126,226,5,3926.13
3625,781,291,1,4423.68
3626,671,175,3,3407.09
3627,1646,338,1,2696.07
3628,1257,70,2,4948.39
3629,120,433,4,649.01
3630,740,127,4,4026.79
3631,1821,356,1,2640.07
3632,145,243,1,3318.85
3633,466,427,5,4055.82
3634,1654,203,3,3298.22
3635,510,211,2,981.8
3636,205,264,3,3878.52
3637,763,307,4,1970.01
3638,16,26,5,1665.03
3639,617,414,5,2499.81
3640,1990,298,1,1424.96
3641,601,472,4,2472.81
3642,1398,443,5,3247.74
3643,1257,223,4,2167.44
3644,103,168,3,2615.06
3645,332,8,3,3383.83
3646,645,217,4,1015.59
3647,1549,227,1,2796.98
3648,1170,231,3,3308.8
3649,1573,164,2,1022.6
3650,1601,260,1,3821.34
3651,871,67,3,2387.19
3652,529,410,4,4223.64
3653,1605,67,2,2695.13
3654,1578,215,3,2574.97
3655,111,56,3,2493.52
3656,1237,312,1,520.78
3657,19,356,4,3155.61
3658,329,439,2,1860.38
3659,312,151,4,515.47
3660,877,494,4,3987.8
3661,637,206,3,3564.75
3662,1256,35,1,371.48
3663,162,91,1,1159.36
3664,190,191,5,427.58
3665,1670,490,5,2359.69
3666,1310,199,1,322.35
3667,1558,464,1,2740.16
3668,222,243,4,3688.67
3669,986,365,5,340.17
3670,262,101,2,1516.04
3671,1184,305,3,3415.12
3672,910,477,1,2837.59
3673,1907,411,2,796.25
3674,1472,210,2,3460.68
3675,1308,416,2,4853.59
3676,1496,57,1,4293.75
3677,418,271,4,3361.31
3678,701,117,5,693.38
3679,1495,198,5,2756.9
3680,99,237,2,4334.83
3681,755,136,2,2056.33
3682,635,66,5,845.08
3683,1423,385,3,870.14
3684,1800,130,3,96.84
3685,97,17,4,4095.72
3686,522,157,3,3366.03
3687,1336,240,2,653.0
3688,1782,101,1,1507.83
3689,229,72,2,3459.53
3690,1915,366,3,129.23
3691,1577,276,4,90.58
3692,1398,482,1,1587.34
3693,924,225,4,2724.31
3694,1565,106,3,927.05
3695,1322,329,2,4913.76
3696,1003,87,5,927.97
3697,1104,195,1,607.3
3698,1839,244,1,1306.57
3699,1342,278,1,3709.48
3700,1243,402,2,1312.76
3701,1694,22,2,1581.45
3702,68,198,2,2624.61
3703,666,369,2,1673.32
3704,547,320,3,4203.87
3705,1737,118,1,878.95
3706,74,440,1,2329.88
3707,1055,36,4,2678.36
3708,903,243,5,3628.04
3709,1854,35,3,405.85
3710,353,143,3,4439.22
3711,536,135,5,4918.25
3712,431,420,3,3835.28
3713,1410,34,5,4965.92
3714,446,231,5,3259.98
3715,220,8,3,3270.36
3716,494,330,2,1938.99
3717,1100,234,5,2232.46
3718,1354,131,4,818.37
3719,1647,319,4,67.54
3720,1201,271,2,3547.56
3721,1813,455,5,3844.44
3722,125,157,3,3588.38
3723,986,297,4,3915.33
3724,215,141,2,4119.1
3725,520,193,1,960.49
3726,1766,374,5,29.88
3727,1532,494,3,3617.27
3728,359,138,2,1644.12
3729,1704,286,5,486.08
3730,921,84,2,1233.44
3731,1164,406,1,4027.51
3732,1324,338,1,2992.63
3733,803,472,5,2696.23
3734,431,89,5,4893.65
3735,1893,26,5,1917.8
3736,1893,109,1,3177.44
3737,92,418,2,4582.32
3738,472,90,1,2777.83
3739,130,355,4,2567.09
3740,889,195,1,540.48
3741,1041,431,5,4374.86
3742,1884,411,4,863.56
3743,250,6,3,2748.69
3744,388,191,1,385.93
3745,592,32,2,3738.33
3746,1839,284,3,1168.43
3747,1331,125,1,1173.81
3748,1208,262,4,2996.57
3749,566,216,5,2436.35
3750,1314,71,3,3972.37
3751,837,444,3,3815.24
3752,1705,347,1,2123.47
3753,8,102,1,1499.15
3754,937,428,2,5084.39
3755,8,190,3,2796.84
3756,1933,169,5,2554.78
3757,777,225,3,2690.47
3758,41,463,4,2570.6
3759,887,498,4,2986.16
3760,865,138,1,1629.86
3761,1854,332,3,1473.44
3762,613,445,1,3184.6
3763,1442,431,2,4596.89
3764,578,1,5,2738.06
3765,664,52,5,3971.49
3766,551,396,1,860.37
3767,1071,315,5,2029.03
3768,1557,100,5,2877.88
3769,415,151,4,556.53
3770,1095,372,5,152.86
3771,830,82,4,4346.33
3772,1608,8,5,3197.96
3773,888,286,5,477.27
3774,243,242,4,4261.12
3775,1601,315,1,2054.92
3776,760,412,2,4142.92
3777,744,233,5,4200.4
3778,931,460,5,4272.07
3779,485,65,1,584.31
3780,272,221,3,185.88
3781,931,435,5,5439.89
3782,1183,287,2,2948.85
3783,779,8,1,3054.71
3784,1134,438,5,1678.3
3785,755,479,1,3242.7
3786,1606,237,5,4169.38
3787,644,498,4,3019.61
3788,997,234,1,1958.71
3789,1375,383,3,2739.08
3790,789,309,1,3739.74
3791,198,278,5,4207.41
3792,297,144,5,563.67
3793,825,482,3,1437.62
3794,363,84,4,1139.97
3795,685,263,4,2803.75
3796,110,416,3,5131.64
3797,1477,375,2,1358.06
3798,216,422,3,1899.11
3799,764,249,1,4998.62
3800,654,223,2,2320.47
3801,6,433,2,635.32
3802,1730,446,1,1118.08
3803,1455,295,1,814.05
3804,130,324,3,823.28
3805,840,141,4,4204.64
3806,352,109,3,3626.38
3807,1736,443,2,3381.1
3808,1031,84,5,1331.22
3809,672,455,3,3812.88
3810,11,30,5,1507.9
3811,1336,485,5,2802.04
3812,375,83,4,3332.62
3813,493,47,4,550.06
3814,149,200,5,3937.3
3815,1893,477,3,2842.56
3816,13,247,3,994.46
3817,1932,288,1,53.68
3818,188,60,1,3107.21
3819,1251,92,1,2405.51
3820,1672,337,2,526.37
3821,876,42,1,1955.45
3822,1524,186,4,2263.03
3823,110,421,2,725.09
3824,90,17,4,3926.82
3825,1216,161,1,3828.11
3826,1960,248,1,1445.4
3827,1797,259,3,2809.77
3828,1151,365,3,328.77
3829,465,416,5,5071.26
3830,1069,240,5,663.08
3831,1174,110,4,5231.65
3832,706,68,3,2642.28
3833,1960,242,4,4461.8
3834,1713,376,5,470.97
3835,1625,370,2,1166.53
3836,972,104,5,4053.33
3837,170,110,1,5267.24
3838,73,133,2,4218.32
3839,721,397,5,4029.37
3840,826,114,1,213.68
3841,960,457,3,1332.02
3842,897,132,2,2523.65
3843,691,447,4,564.04
3844,1086,31,3,2190.22
3845,1118,223,4,1994.96
3846,918,100,2,2970.34
3847,1470,129,5,3089.03
3848,1031,100,2,2946.33
3849,652,410,3,4071.57
3850,832,469,1,4426.87
3851,678,172,4,3601.37
3852,1899,142,4,1653.65
3853,738,230,3,316.9
3854,164,187,2,2043.76
3855,422,290,1,2651.81
3856,1217,18,3,4705.31
3857,1848,393,1,4650.22
3858,1011,323,1,1399.47
3859,1365,308,2,398.55
3860,205,487,1,3536.77
3861,948,399,4,1449.08
3862,195,308,1,475.16
3863,292,169,4,2485.88
3864,1397,200,2,3295.06
3865,345,325,5,1359.18
3866,760,471,3,1025.0
3867,1431,482,2,1420.69
3868,2,458,2,2538.1
3869,374,225,5,2724.28
3870,732,447,1,568.58
3871,324,441,1,10.26
3872,162,164,2,862.84
3873,1768,369,3,1801.07
3874,1980,409,5,1085.93
3875,532,226,5,4188.96
3876,696,17,1,3907.58
3877,1958,428,4,4833.36
3878,1443,98,4,129.09
3879,1219,282,3,3617.51
3880,1451,381,3,585.94
3881,1319,15,1,4394.03
3882,99,5,3,5343.75
3883,1961,347,3,2056.01
3884,1583,370,5,1049.65
3885,243,2,2,1394.92
3886,1921,17,4,4255.94
3887,94,260,3,3681.83
3888,132,37,5,724.32
3889,1864,49,3,3787.62
3890,1804,316,2,2090.83
3891,1966,280,2,727.65
3892,1863,192,3,325.14
3893,301,24,1,4349.65
3894,69,31,4,2191.08
3895,1167,482,1,1573.96
3896,815,293,5,1339.68
3897,121,38,4,180.49
3898,978,135,2,4535.56
3899,981,257,2,1976.02
3900,1468,456,2,1719.81
3901,1168,435,5,4768.37
3902,1432,494,2,4065.75
3903,43,2,4,1428.55
3904,773,389,2,2970.09
3905,685,168,2,2228.86
3906,1297,179,1,3105.83
3907,1011,109,3,3733.99
3908,523,67,2,2717.56
3909,586,55,3,3531.56
3910,377,299,2,2586.76
3911,1355,485,2,2626.16
3912,449,405,3,3476.08
3913,1754,49,1,3172.71
3914,1171,21,4,1839.28
3915,1719,347,2,1824.94
3916,12,327,5,3128.11
3917,1139,468,3,1798.76
3918,498,8,1,2958.5
3919,182,197,2,3957.53
3920,1628,70,1,4847.85
3921,577,459,4,1479.12
3922,685,387,5,3092.71
3923,1140,405,4,4036.15
3924,663,439,2,2010.77
3925,180,88,5,1595.62
3926,1580,217,4,910.81
3927,96,119,2,3239.94
3928,859,344,2,1344.22
3929,1633,5,2,5248.4
3930,938,190,2,2552.97
3931,160,131,4,755.6
3932,1823,13,2,4227.07
3933,3,465,1,2614.66
3934,1641,177,2,1397.02
3935,1462,385,2,928.64
3936,388,221,2,179.63
3937,203,332,2,1594.58
3938,139,181,5,340.97
3939,1610,64,4,2262.65
3940,1481,3,5,1833.2
3941,194,223,1,2024.63
3942,1031,224,3,3555.4
3943,681,282,5,4015.95
3944,1804,161,4,3745.71
3945,1414,499,1,1602.87
3946,782,285,1,3433.26
3947,1537,396,2,813.48
3948,981,274,5,3473.32
3949,1758,111,4,3631.36
3950,1247,483,5,63.54
3951,983,461,5,2837.63
3952,566,170,3,1809.67
3953,1775,28,5,2223.73
3954,283,87,4,1069.64
3955,333,1,5,2349.21
3956,438,315,2,2154.64
3957,1281,475,2,819.64
3958,278,340,1,5189.86
3959,517,46,4,2386.53
3960,571,336,2,1774.7
3961,1894,384,1,636.5
3962,136,216,3,2524.38
3963,1183,309,1,4159.36
3964,1379,65,1,676.49
3965,262,19,1,5078.26
3966,568,480,2,1278.76
3967,449,437,4,3033.13
3968,1020,184,2,3419.35
3969,1425,449,3,319.21
3970,1471,100,2,2651.1
3971,1031,48,1,1059.11
3972,834,130,1,97.52
3973,1398,423,5,1838.69
3974,473,479,4,3724.28
3975,942,183,5,4521.64
3976,197,313,2,2243.06
3977,1573,37,2,744.58
3978,1226,46,1,2455.61
3979,962,153,5,3113.73
3980,84,441,5,11.36
3981,1535,490,1,2498.6
3982,1934,403,2,2457.08
3983,1725,495,3,4501.88
3984,137,318,2,2924.67
3985,309,291,2,4211.16
3986,1923,61,1,1525.05
3987,1027,29,5,1433.16
3988,1813,189,4,3722.43
3989,1724,497,4,4976.47
3990,1954,386,1,2092.06
3991,785,120,2,2770.83
3992,173,293,4,1362.42
3993,742,186,5,2183.1
3994,588,399,3,1523.04
3995,616,336,4,1708.69
3996,802,101,5,1462.51
3997,1578,97,5,2438.29
3998,854,177,5,1179.09
3999,772,86,2,2180.41
4000,1734,87,4,1000.61
