order_id,customer_id,order_date,ship_date,status
1,80,2025-06-29,,Cancelled
2,382,2025-02-09,,Pending
3,515,2024-01-11,,Pending
4,184,2024-04-25,2024-05-02,Processing
5,529,2024-09-03,,Pending
6,977,2023-10-22,2023-10-23,Delivered
7,899,2023-11-22,2023-11-29,Delivered
8,290,2022-04-27,2022-04-30,Shipped
9,89,2025-10-18,,Cancelled
10,468,2024-02-29,,Pending
11,378,2024-04-30,2024-05-03,Processing
12,578,2025-05-12,2025-05-18,Shipped
13,638,2025-04-06,2025-04-10,Processing
14,378,2025-03-19,,Cancelled
15,996,2023-12-14,2023-12-21,Delivered
16,795,2023-06-26,2023-07-02,Processing
17,923,2024-10-05,,Cancelled
18,779,2025-10-13,2025-10-15,Processing
19,7,2022-12-27,2022-12-28,Delivered
20,239,2025-09-06,,Cancelled
21,355,2025-04-16,,Pending
22,974,2023-04-06,2023-04-07,Shipped
23,778,2025-07-23,2025-07-30,Delivered
24,756,2025-02-23,2025-02-24,Shipped
25,211,2025-08-03,,Cancelled
26,244,2024-06-26,2024-06-30,Delivered
27,985,2025-01-29,,Pending
28,996,2024-07-12,2024-07-18,Processing
29,287,2025-08-28,,Pending
30,45,2025-05-20,2025-05-27,Processing
31,533,2024-06-02,2024-06-08,Delivered
32,918,2025-09-29,2025-10-03,Shipped
33,998,2023-09-29,,Pending
34,595,2025-09-04,,Pending
35,518,2025-01-03,2025-01-09,Processing
36,840,2025-10-27,2025-10-28,Delivered
37,607,2024-01-27,,Cancelled
38,64,2025-01-22,2025-01-28,Delivered
39,988,2025-10-23,2025-10-25,Processing
40,299,2025-02-18,2025-02-25,Shipped
41,323,2025-01-16,2025-01-22,Delivered
42,852,2023-10-17,2023-10-20,Shipped
43,464,2023-11-04,2023-11-06,Shipped
44,77,2023-12-15,2023-12-17,Processing
45,799,2025-03-23,,Cancelled
46,112,2024-12-08,2024-12-09,Processing
47,169,2024-07-19,2024-07-23,Delivered
48,322,2024-08-18,2024-08-19,Delivered
49,549,2024-05-25,2024-06-01,Shipped
50,213,2025-09-26,2025-09-29,Delivered
51,475,2025-02-13,2025-02-20,Shipped
52,123,2023-05-09,,Pending
53,162,2025-10-05,2025-10-12,Shipped
54,722,2023-10-21,,Cancelled
55,42,2025-02-27,2025-03-06,Processing
56,878,2025-05-05,2025-05-07,Shipped
57,94,2025-04-19,2025-04-22,Processing
58,406,2022-06-18,,Cancelled
59,51,2024-10-08,2024-10-11,Shipped
60,840,2023-07-06,2023-07-07,Processing
61,975,2025-03-19,2025-03-26,Delivered
62,464,2023-03-02,,Cancelled
63,767,2025-09-16,,Cancelled
64,256,2025-10-22,,Pending
65,474,2023-10-15,,Pending
66,824,2022-11-11,2022-11-12,Processing
67,13,2023-07-03,,Pending
68,851,2024-08-06,2024-08-08,Processing
69,203,2025-06-13,2025-06-16,Delivered
70,703,2024-11-21,,Pending
71,597,2025-06-24,,Cancelled
72,266,2025-01-06,,Pending
73,23,2025-10-13,,Pending
74,203,2025-08-02,2025-08-09,Delivered
75,132,2025-09-15,,Pending
76,927,2025-10-30,2025-10-31,Shipped
77,44,2025-04-02,2025-04-03,Delivered
78,173,2025-07-21,,Cancelled
79,444,2024-12-22,2024-12-26,Delivered
80,31,2024-11-19,2024-11-25,Delivered
81,437,2024-05-18,2024-05-21,Processing
82,220,2023-12-19,2023-12-22,Processing
83,287,2025-07-07,2025-07-09,Delivered
84,36,2023-09-15,,Cancelled
85,635,2024-06-09,,Cancelled
86,252,2025-10-14,2025-10-18,Shipped
87,422,2025-07-13,,Cancelled
88,491,2024-03-06,,Pending
89,90,2025-02-14,2025-02-18,Shipped
90,141,2025-06-25,2025-06-27,Delivered
91,659,2024-07-09,,Cancelled
92,256,2025-10-05,,Cancelled
93,814,2024-05-09,,Pending
94,392,2025-03-11,2025-03-15,Shipped
95,558,2024-10-01,2024-10-04,Delivered
96,935,2023-02-18,,Cancelled
97,515,2024-01-09,2024-01-13,Shipped
98,277,2025-07-05,2025-07-06,Processing
99,327,2025-10-28,,Cancelled
100,225,2024-09-20,,Pending
101,918,2025-10-25,2025-10-26,Shipped
102,829,2025-10-19,2025-10-24,Delivered
103,367,2025-03-28,,Cancelled
104,239,2024-12-16,2024-12-17,Processing
105,254,2025-06-02,2025-06-05,Processing
106,547,2025-03-17,,Pending
107,783,2025-10-09,2025-10-14,Processing
108,867,2024-04-20,2024-04-23,Delivered
109,958,2024-07-22,2024-07-24,Processing
110,243,2025-08-17,,Cancelled
111,326,2024-09-16,2024-09-21,Shipped
112,29,2024-05-17,2024-05-22,Shipped
113,578,2025-05-26,2025-05-31,Processing
114,972,2025-10-24,2025-10-31,Processing
115,830,2025-06-29,2025-07-04,Delivered
116,317,2025-10-06,2025-10-10,Processing
117,39,2024-07-15,,Pending
118,58,2025-07-15,2025-07-20,Processing
119,225,2025-10-26,,Pending
120,540,2024-12-23,2024-12-24,Delivered
121,340,2024-01-23,,Cancelled
122,207,2024-07-30,2024-08-02,Processing
123,735,2023-08-08,2023-08-15,Processing
124,865,2024-12-15,2024-12-16,Shipped
125,23,2022-09-28,2022-10-03,Processing
126,722,2024-03-10,2024-03-17,Processing
127,114,2025-09-11,,Cancelled
128,882,2024-03-25,2024-03-26,Shipped
129,383,2023-06-24,2023-06-29,Delivered
130,104,2025-04-15,2025-04-18,Shipped
131,331,2025-09-05,2025-09-07,Processing
132,750,2025-05-03,2025-05-10,Delivered
133,655,2025-09-29,2025-10-05,Delivered
134,325,2025-10-01,2025-10-07,Processing
135,992,2025-07-08,,Cancelled
136,711,2023-03-11,,Cancelled
137,806,2025-03-02,2025-03-04,Shipped
138,682,2025-04-13,,Cancelled
139,835,2024-07-05,2024-07-09,Processing
140,315,2025-07-25,2025-07-27,Shipped
141,182,2023-08-04,,Pending
142,972,2025-04-25,,Cancelled
143,401,2024-11-04,,Cancelled
144,34,2025-09-23,2025-09-28,Processing
145,326,2024-04-05,,Cancelled
146,227,2025-06-13,,Cancelled
147,107,2025-05-01,2025-05-03,Delivered
148,340,2024-04-29,,Pending
149,244,2025-04-23,2025-04-26,Shipped
150,172,2024-07-07,,Pending
151,842,2024-04-13,2024-04-17,Shipped
152,12,2025-10-25,2025-10-27,Shipped
153,256,2025-09-29,,Pending
154,359,2025-07-31,2025-08-07,Shipped
155,111,2023-11-03,,Pending
156,50,2025-10-30,2025-11-03,Delivered
157,751,2025-06-22,2025-06-24,Delivered
158,906,2022-11-28,2022-12-02,Delivered
159,903,2024-11-15,2024-11-18,Delivered
160,560,2025-10-08,2025-10-09,Delivered
161,849,2023-03-02,2023-03-09,Delivered
162,885,2024-01-19,,Cancelled
163,667,2025-05-09,2025-05-11,Processing
164,463,2024-03-30,,Pending
165,819,2025-05-09,,Pending
166,302,2023-10-02,,Pending
167,327,2025-07-17,2025-07-18,Shipped
168,76,2025-07-22,2025-07-24,Shipped
169,910,2024-02-13,2024-02-15,Delivered
170,750,2025-04-04,,Pending
171,561,2025-08-20,,Pending
172,347,2024-11-01,,Cancelled
173,629,2025-10-29,2025-11-04,Delivered
174,32,2024-04-03,2024-04-09,Delivered
175,169,2023-11-18,,Cancelled
176,912,2025-09-26,2025-09-28,Delivered
177,55,2024-12-06,,Pending
178,340,2025-01-24,2025-01-26,Processing
179,420,2025-07-20,,Cancelled
180,740,2025-04-02,,Cancelled
181,272,2025-10-14,2025-10-17,Shipped
182,244,2024-07-16,,Pending
183,51,2025-10-11,2025-10-16,Delivered
184,563,2025-09-06,2025-09-08,Delivered
185,56,2025-08-02,2025-08-03,Shipped
186,438,2025-05-21,,Pending
187,302,2024-09-19,,Cancelled
188,492,2025-06-15,2025-06-16,Processing
189,27,2025-06-03,2025-06-05,Processing
190,654,2024-11-10,2024-11-11,Shipped
191,485,2025-08-26,,Pending
192,316,2024-02-13,2024-02-17,Delivered
193,501,2025-10-15,2025-10-16,Shipped
194,658,2025-04-16,,Cancelled
195,397,2025-08-26,2025-08-29,Processing
196,907,2025-05-14,2025-05-17,Delivered
197,192,2025-06-29,2025-06-30,Delivered
198,270,2024-08-09,2024-08-13,Delivered
199,270,2024-01-28,2024-02-04,Processing
200,276,2024-07-23,,Cancelled
201,64,2025-01-08,2025-01-15,Processing
202,714,2024-09-04,,Pending
203,88,2022-10-25,2022-11-01,Shipped
204,555,2024-09-11,2024-09-18,Delivered
205,604,2022-08-23,2022-08-28,Processing
206,63,2024-07-26,2024-08-02,Delivered
207,536,2023-08-13,2023-08-18,Delivered
208,704,2023-11-18,2023-11-23,Delivered
209,903,2025-06-04,2025-06-08,Processing
210,307,2024-03-12,,Pending
211,405,2025-09-20,,Pending
212,515,2024-04-06,,Cancelled
213,923,2025-08-08,,Cancelled
214,820,2024-05-20,,Cancelled
215,694,2024-08-08,,Cancelled
216,151,2024-10-19,,Pending
217,973,2025-04-10,2025-04-12,Delivered
218,972,2025-09-22,2025-09-24,Processing
219,828,2025-08-30,2025-09-01,Processing
220,44,2023-05-10,2023-05-11,Delivered
221,700,2025-07-22,2025-07-24,Delivered
222,843,2025-05-29,2025-06-05,Processing
223,610,2025-03-06,2025-03-09,Shipped
224,933,2025-08-18,,Pending
225,90,2023-12-11,2023-12-16,Delivered
226,407,2024-11-04,,Cancelled
227,334,2025-01-12,2025-01-17,Shipped
228,470,2025-05-17,,Pending
229,806,2025-03-28,,Cancelled
230,602,2025-10-25,,Cancelled
231,801,2024-01-16,2024-01-17,Delivered
232,425,2025-09-17,2025-09-19,Processing
233,581,2025-08-20,,Cancelled
234,597,2025-06-23,,Pending
235,948,2025-09-24,,Pending
236,577,2025-04-06,,Pending
237,805,2025-06-01,2025-06-08,Shipped
238,549,2024-08-26,2024-08-30,Shipped
239,271,2023-03-25,2023-03-31,Delivered
240,498,2025-06-29,,Cancelled
241,624,2025-05-21,2025-05-22,Delivered
242,177,2025-01-14,2025-01-18,Shipped
243,148,2025-01-13,,Cancelled
244,624,2025-01-14,2025-01-15,Delivered
245,406,2023-05-10,2023-05-16,Shipped
246,244,2025-04-25,,Pending
247,764,2025-10-22,2025-10-25,Delivered
248,919,2025-10-12,2025-10-13,Shipped
249,346,2024-09-20,2024-09-23,Shipped
250,288,2025-08-07,2025-08-14,Delivered
251,713,2023-05-21,,Pending
252,996,2022-09-27,2022-09-29,Processing
253,308,2025-06-26,2025-07-03,Delivered
254,846,2024-10-20,2024-10-23,Shipped
255,747,2025-09-14,2025-09-19,Delivered
256,662,2025-03-28,,Pending
257,193,2024-01-16,2024-01-18,Delivered
258,936,2024-10-27,2024-11-02,Delivered
259,497,2025-08-11,,Cancelled
260,889,2025-04-10,2025-04-17,Shipped
261,58,2025-09-15,,Cancelled
262,811,2025-06-22,2025-06-23,Processing
263,319,2025-03-17,,Cancelled
264,414,2025-10-25,2025-11-01,Processing
265,872,2025-03-05,,Cancelled
266,901,2025-04-12,,Cancelled
267,30,2025-03-05,2025-03-07,Processing
268,897,2025-09-10,2025-09-17,Processing
269,60,2025-02-24,2025-02-25,Processing
270,468,2022-08-20,,Pending
271,941,2024-11-09,2024-11-15,Shipped
272,204,2025-07-12,2025-07-15,Shipped
273,844,2025-09-14,2025-09-19,Delivered
274,407,2024-05-22,,Pending
275,698,2025-06-14,,Pending
276,248,2025-10-06,2025-10-10,Shipped
277,609,2023-11-25,2023-11-27,Delivered
278,984,2023-10-02,2023-10-07,Delivered
279,565,2025-10-26,2025-10-29,Shipped
280,168,2024-07-22,2024-07-28,Shipped
281,851,2025-06-20,,Pending
282,292,2025-03-11,,Pending
283,396,2023-12-23,,Pending
284,167,2024-11-03,,Cancelled
285,799,2024-08-24,2024-08-31,Processing
286,227,2025-07-27,2025-08-02,Processing
287,212,2024-12-04,2024-12-10,Shipped
288,420,2024-11-04,,Cancelled
289,21,2024-04-09,,Pending
290,486,2025-09-07,2025-09-13,Processing
291,178,2025-10-13,,Cancelled
292,821,2024-10-29,,Pending
293,230,2025-03-07,2025-03-12,Shipped
294,825,2024-10-29,2024-11-04,Shipped
295,991,2025-10-24,2025-10-28,Shipped
296,917,2025-10-11,2025-10-18,Delivered
297,358,2025-02-22,2025-02-25,Delivered
298,224,2023-04-13,2023-04-16,Delivered
299,694,2025-10-24,,Cancelled
300,845,2023-06-11,,Cancelled
301,407,2025-06-07,,Cancelled
302,105,2025-10-15,,Pending
303,524,2024-06-11,2024-06-16,Shipped
304,663,2024-01-16,,Cancelled
305,624,2024-09-07,2024-09-10,Shipped
306,701,2025-08-09,,Pending
307,494,2025-10-14,,Pending
308,345,2024-06-19,2024-06-25,Shipped
309,333,2024-11-13,2024-11-16,Shipped
310,672,2025-04-10,2025-04-12,Shipped
311,154,2025-03-02,,Cancelled
312,784,2024-04-11,2024-04-12,Processing
313,825,2024-12-19,,Cancelled
314,414,2024-03-03,2024-03-09,Shipped
315,144,2025-10-22,,Pending
316,672,2025-04-29,2025-05-02,Delivered
317,266,2024-01-17,2024-01-21,Delivered
318,398,2023-10-02,,Pending
319,598,2024-04-02,,Cancelled
320,836,2023-03-23,2023-03-26,Processing
321,744,2025-08-26,2025-09-01,Processing
322,548,2025-05-24,2025-05-30,Delivered
323,368,2025-08-02,,Cancelled
324,308,2025-06-17,2025-06-24,Processing
325,674,2025-08-31,,Cancelled
326,186,2024-09-11,2024-09-12,Shipped
327,483,2023-11-14,2023-11-20,Processing
328,265,2025-03-21,,Cancelled
329,782,2023-03-26,2023-04-01,Processing
330,922,2025-03-24,2025-03-30,Shipped
331,92,2025-09-03,2025-09-06,Processing
332,229,2024-05-17,2024-05-21,Shipped
333,808,2022-11-25,2022-11-28,Shipped
334,267,2024-01-30,,Cancelled
335,302,2024-10-25,2024-11-01,Delivered
336,121,2025-04-20,2025-04-21,Delivered
337,888,2025-04-26,,Cancelled
338,595,2022-09-17,,Cancelled
339,73,2024-04-23,2024-04-25,Delivered
340,513,2024-04-22,,Pending
341,889,2025-09-03,2025-09-08,Delivered
342,306,2023-10-09,2023-10-10,Delivered
343,892,2025-03-22,2025-03-24,Processing
344,206,2025-06-14,2025-06-18,Shipped
345,584,2025-10-14,2025-10-16,Delivered
346,324,2024-04-04,2024-04-11,Processing
347,83,2025-03-22,2025-03-25,Delivered
348,647,2024-01-23,2024-01-26,Processing
349,650,2023-06-14,,Pending
350,5,2025-09-16,2025-09-19,Delivered
351,215,2024-12-05,2024-12-10,Processing
352,783,2025-06-21,2025-06-25,Processing
353,805,2025-09-22,,Pending
354,133,2025-10-11,,Cancelled
355,445,2024-12-31,2025-01-04,Delivered
356,440,2025-08-19,2025-08-23,Delivered
357,5,2025-10-23,,Pending
358,547,2025-10-24,2025-10-30,Processing
359,383,2025-05-03,,Pending
360,914,2024-12-26,2025-01-02,Shipped
361,854,2025-04-13,,Cancelled
362,196,2025-06-19,,Pending
363,693,2025-10-05,,Pending
364,642,2024-10-20,2024-10-22,Processing
365,711,2025-07-14,2025-07-17,Shipped
366,133,2025-06-15,,Pending
367,393,2025-02-07,,Cancelled
368,603,2023-11-13,2023-11-15,Shipped
369,67,2024-11-08,,Pending
370,306,2022-10-30,2022-11-03,Shipped
371,746,2023-04-18,,Cancelled
372,611,2023-05-06,,Cancelled
373,346,2025-06-12,2025-06-18,Delivered
374,138,2025-10-10,2025-10-14,Shipped
375,368,2025-08-08,2025-08-10,Processing
376,971,2022-04-13,2022-04-14,Delivered
377,234,2025-04-05,2025-04-11,Processing
378,135,2025-09-02,2025-09-08,Processing
379,23,2023-09-17,,Cancelled
380,517,2023-06-22,2023-06-23,Processing
381,376,2024-04-02,,Pending
382,385,2025-06-06,2025-06-13,Shipped
383,548,2024-04-09,,Cancelled
384,50,2025-10-29,,Cancelled
385,50,2025-10-30,,Pending
386,670,2025-03-08,,Pending
387,50,2025-10-28,,Pending
388,427,2024-12-03,2024-12-07,Delivered
389,127,2023-02-23,,Cancelled
390,259,2023-07-20,2023-07-26,Delivered
391,157,2025-06-14,2025-06-20,Processing
392,703,2024-03-24,,Pending
393,309,2025-08-24,2025-08-30,Delivered
394,104,2024-05-22,,Cancelled
395,277,2025-05-26,,Cancelled
396,621,2025-09-26,2025-09-30,Processing
397,851,2025-05-10,,Pending
398,524,2022-11-08,,Cancelled
399,121,2025-03-19,2025-03-20,Shipped
400,804,2024-07-22,,Pending
401,510,2025-06-12,2025-06-17,Processing
402,205,2025-07-14,2025-07-21,Shipped
403,536,2025-06-28,2025-07-01,Processing
404,721,2025-07-23,2025-07-26,Delivered
405,165,2025-05-11,,Pending
406,562,2025-01-02,2025-01-04,Delivered
407,705,2025-08-15,2025-08-18,Delivered
408,241,2025-06-05,,Pending
409,14,2024-03-23,,Pending
410,929,2025-07-13,,Pending
411,856,2025-07-12,,Cancelled
412,686,2023-07-28,2023-07-30,Delivered
413,973,2024-09-18,,Pending
414,799,2024-12-26,,Cancelled
415,77,2024-05-19,,Pending
416,927,2025-10-29,2025-11-04,Shipped
417,237,2025-09-13,2025-09-16,Delivered
418,271,2025-02-02,2025-02-03,Delivered
419,103,2024-07-30,2024-08-06,Processing
420,41,2022-07-25,2022-07-28,Shipped
421,821,2023-05-01,2023-05-05,Shipped
422,757,2023-10-04,,Pending
423,98,2025-05-22,,Pending
424,10,2024-06-28,2024-07-04,Processing
425,663,2024-04-24,2024-04-27,Processing
426,367,2025-03-09,2025-03-14,Delivered
427,275,2025-09-20,,Pending
428,382,2024-12-31,2025-01-02,Shipped
429,117,2025-10-23,2025-10-27,Delivered
430,986,2025-08-29,2025-09-01,Delivered
431,856,2022-06-23,2022-06-29,Delivered
432,872,2024-11-23,2024-11-30,Delivered
433,432,2024-05-22,2024-05-23,Processing
434,136,2025-07-01,,Pending
435,966,2025-08-22,2025-08-23,Processing
436,427,2024-01-15,,Cancelled
437,495,2025-10-19,,Cancelled
438,695,2024-03-19,2024-03-21,Delivered
439,626,2025-04-17,2025-04-24,Delivered
440,368,2025-06-26,,Cancelled
441,30,2025-02-16,2025-02-20,Processing
442,943,2023-07-06,2023-07-07,Delivered
443,909,2022-09-26,2022-09-30,Delivered
444,48,2025-06-28,,Pending
445,268,2024-06-11,2024-06-12,Shipped
446,722,2025-08-10,,Cancelled
447,786,2024-10-03,,Cancelled
448,742,2024-03-23,,Cancelled
449,230,2024-02-11,2024-02-16,Shipped
450,536,2025-09-09,,Cancelled
451,98,2025-01-10,2025-01-16,Delivered
452,745,2025-03-03,2025-03-07,Processing
453,355,2025-06-24,2025-06-26,Delivered
454,860,2025-03-26,,Cancelled
455,914,2023-09-07,,Cancelled
456,56,2025-10-13,,Pending
457,659,2024-10-20,2024-10-25,Processing
458,870,2025-03-26,2025-04-02,Delivered
459,508,2023-09-29,2023-09-30,Processing
460,770,2025-04-21,2025-04-24,Delivered
461,247,2024-06-05,2024-06-08,Shipped
462,52,2022-04-06,,Cancelled
463,229,2024-06-17,,Cancelled
464,659,2024-01-08,2024-01-12,Delivered
465,837,2023-08-29,2023-08-30,Processing
466,471,2023-03-23,2023-03-30,Delivered
467,587,2024-12-24,2024-12-25,Delivered
468,878,2025-06-19,2025-06-23,Delivered
469,324,2024-11-28,,Pending
470,510,2024-01-31,,Pending
471,106,2025-10-22,2025-10-26,Delivered
472,37,2024-03-12,,Cancelled
473,563,2024-12-03,,Pending
474,846,2025-01-01,,Pending
475,811,2025-03-27,,Cancelled
476,987,2023-04-19,,Cancelled
477,653,2024-10-15,2024-10-20,Shipped
478,576,2025-02-11,2025-02-17,Processing
479,688,2024-07-28,2024-07-31,Delivered
480,373,2025-03-19,,Pending
481,837,2023-01-29,2023-02-05,Processing
482,466,2025-08-22,2025-08-27,Shipped
483,786,2024-06-04,,Cancelled
484,615,2023-01-01,2023-01-07,Delivered
485,673,2024-06-30,2024-07-06,Shipped
486,464,2024-12-10,,Pending
487,100,2025-10-21,2025-10-22,Processing
488,350,2024-03-29,2024-04-05,Shipped
489,649,2025-07-05,2025-07-10,Shipped
490,535,2022-09-26,2022-10-02,Shipped
491,109,2025-06-23,,Pending
492,919,2025-09-24,2025-09-28,Processing
493,144,2025-07-16,2025-07-17,Delivered
494,261,2024-02-01,,Cancelled
495,201,2025-06-25,2025-06-26,Processing
496,953,2025-07-17,2025-07-19,Delivered
497,469,2025-10-23,2025-10-29,Processing
498,347,2025-06-02,,Pending
499,776,2025-03-31,2025-04-01,Delivered
500,949,2025-10-28,,Cancelled
501,127,2025-03-09,2025-03-13,Delivered
502,675,2024-04-02,,Cancelled
503,980,2024-09-28,,Cancelled
504,138,2025-05-25,2025-05-26,Delivered
505,544,2025-04-06,,Pending
506,567,2025-04-01,2025-04-08,Delivered
507,600,2024-06-26,2024-07-01,Delivered
508,800,2025-05-14,2025-05-20,Processing
509,593,2025-10-26,2025-11-01,Processing
510,835,2025-01-19,2025-01-20,Processing
511,397,2024-10-15,,Cancelled
512,621,2024-03-04,2024-03-09,Shipped
513,903,2024-06-03,2024-06-07,Delivered
514,624,2024-09-02,2024-09-05,Processing
515,408,2024-12-07,2024-12-10,Shipped
516,464,2023-08-08,2023-08-10,Processing
517,423,2025-09-20,,Cancelled
518,717,2025-05-25,,Cancelled
519,307,2025-02-14,,Cancelled
520,882,2022-08-15,2022-08-21,Shipped
521,755,2025-06-30,,Cancelled
522,648,2025-05-31,2025-06-02,Processing
523,215,2024-01-30,,Cancelled
524,732,2025-02-09,2025-02-15,Shipped
525,354,2025-07-27,2025-08-02,Processing
526,666,2023-12-09,2023-12-14,Processing
527,556,2022-09-04,2022-09-10,Shipped
528,119,2025-08-06,2025-08-11,Shipped
529,492,2025-06-16,,Cancelled
530,585,2025-03-28,2025-04-03,Delivered
531,766,2022-09-10,,Cancelled
532,293,2025-10-06,2025-10-13,Delivered
533,14,2025-04-20,,Cancelled
534,110,2024-06-20,,Pending
535,391,2025-02-03,2025-02-04,Processing
536,687,2025-10-12,,Pending
537,205,2025-07-13,2025-07-20,Shipped
538,805,2025-06-04,2025-06-07,Processing
539,700,2025-08-13,2025-08-15,Shipped
540,860,2025-04-01,,Pending
541,708,2025-08-21,2025-08-23,Shipped
542,772,2025-08-21,,Cancelled
543,34,2025-10-22,2025-10-29,Shipped
544,464,2023-07-17,,Pending
545,631,2024-12-14,,Cancelled
546,886,2023-07-21,2023-07-27,Processing
547,663,2024-10-29,,Cancelled
548,399,2024-08-06,2024-08-11,Processing
549,804,2023-05-07,2023-05-13,Shipped
550,681,2025-03-15,,Pending
551,949,2025-08-09,2025-08-13,Delivered
552,427,2022-09-12,2022-09-17,Shipped
553,56,2024-03-21,,Pending
554,762,2025-04-01,2025-04-03,Shipped
555,636,2025-10-14,2025-10-21,Delivered
556,231,2023-05-03,2023-05-10,Shipped
557,603,2024-07-29,,Cancelled
558,757,2025-06-20,,Cancelled
559,202,2025-10-15,2025-10-18,Processing
560,460,2025-07-15,2025-07-21,Processing
561,77,2025-08-23,2025-08-25,Processing
562,753,2025-05-11,,Cancelled
563,123,2024-04-29,2024-04-30,Delivered
564,439,2025-02-25,2025-03-02,Shipped
565,271,2025-05-16,2025-05-18,Processing
566,599,2025-01-23,2025-01-24,Shipped
567,339,2025-03-04,2025-03-10,Delivered
568,960,2025-08-01,2025-08-02,Processing
569,158,2022-12-13,2022-12-18,Shipped
570,53,2023-09-28,,Cancelled
571,864,2025-01-22,2025-01-26,Shipped
572,809,2025-09-10,,Cancelled
573,564,2023-02-08,2023-02-09,Shipped
574,803,2025-06-12,2025-06-17,Shipped
575,226,2025-06-25,2025-06-30,Processing
576,70,2025-08-05,,Cancelled
577,164,2025-08-30,2025-09-04,Delivered
578,550,2025-03-05,2025-03-06,Delivered
579,358,2025-07-08,2025-07-10,Processing
580,680,2024-06-21,2024-06-24,Shipped
581,370,2025-03-16,2025-03-18,Shipped
582,974,2023-12-04,,Cancelled
583,544,2025-08-03,2025-08-08,Delivered
584,844,2024-10-16,,Pending
585,118,2023-08-10,2023-08-14,Shipped
586,247,2024-07-05,,Cancelled
587,941,2025-04-05,,Cancelled
588,250,2024-04-28,,Pending
589,699,2024-10-25,2024-10-29,Shipped
590,938,2023-12-28,,Pending
591,396,2025-05-29,2025-06-03,Shipped
592,742,2022-09-14,2022-09-15,Shipped
593,934,2024-04-06,,Cancelled
594,842,2024-09-23,2024-09-28,Shipped
595,823,2025-04-09,,Cancelled
596,457,2023-11-21,2023-11-22,Delivered
597,304,2023-12-05,2023-12-08,Processing
598,527,2024-02-29,,Pending
599,971,2025-04-15,,Pending
600,172,2024-11-03,,Cancelled
601,547,2025-03-06,,Pending
602,642,2024-07-27,,Pending
603,216,2025-08-01,2025-08-08,Processing
604,702,2023-02-19,2023-02-26,Delivered
605,107,2025-08-08,2025-08-13,Processing
606,849,2024-06-30,2024-07-06,Delivered
607,837,2024-06-24,,Pending
608,765,2025-02-11,2025-02-12,Processing
609,471,2024-02-10,2024-02-11,Shipped
610,90,2025-03-04,,Pending
611,56,2025-08-28,2025-09-04,Processing
612,258,2024-01-06,,Cancelled
613,73,2025-01-29,,Cancelled
614,842,2025-02-12,2025-02-15,Processing
615,418,2025-09-29,2025-10-03,Delivered
616,646,2025-03-13,2025-03-17,Delivered
617,324,2025-03-05,,Pending
618,399,2024-07-08,,Pending
619,548,2025-03-07,,Pending
620,657,2023-12-27,,Cancelled
621,65,2025-03-26,,Cancelled
622,47,2022-03-31,,Pending
623,367,2025-09-30,,Cancelled
624,109,2025-01-03,2025-01-10,Shipped
625,703,2025-09-05,2025-09-10,Shipped
626,89,2025-06-06,2025-06-13,Shipped
627,949,2025-10-11,2025-10-15,Delivered
628,405,2025-07-17,,Pending
629,486,2025-02-20,2025-02-25,Processing
630,226,2023-07-06,2023-07-12,Processing
631,401,2023-10-10,,Cancelled
632,303,2025-06-20,2025-06-23,Processing
633,694,2024-09-09,2024-09-10,Shipped
634,567,2025-10-05,,Cancelled
635,145,2025-07-22,,Pending
636,43,2023-08-18,,Pending
637,587,2025-01-24,,Cancelled
638,404,2023-12-27,,Cancelled
639,561,2024-06-30,,Pending
640,313,2023-02-18,2023-02-24,Processing
641,760,2024-07-22,2024-07-24,Shipped
642,423,2025-07-18,,Cancelled
643,146,2023-05-21,2023-05-23,Processing
644,227,2025-01-13,,Cancelled
645,855,2025-06-27,2025-06-29,Shipped
646,118,2023-12-31,2024-01-06,Processing
647,819,2025-06-10,,Cancelled
648,873,2024-09-05,,Pending
649,872,2024-12-15,,Cancelled
650,473,2024-03-06,,Cancelled
651,75,2025-09-22,2025-09-28,Shipped
652,69,2025-06-11,2025-06-12,Shipped
653,203,2025-09-24,,Cancelled
654,499,2024-09-30,2024-10-03,Shipped
655,132,2024-11-15,2024-11-16,Processing
656,292,2025-02-03,,Cancelled
657,72,2025-09-04,2025-09-07,Processing
658,498,2024-12-21,2024-12-24,Delivered
659,632,2025-02-14,2025-02-20,Shipped
660,599,2022-12-08,2022-12-13,Processing
661,581,2024-03-24,2024-03-31,Shipped
662,324,2025-04-22,2025-04-24,Delivered
663,5,2025-10-09,2025-10-11,Shipped
664,805,2025-08-30,2025-09-05,Processing
665,758,2023-12-16,2023-12-19,Delivered
666,861,2023-02-26,2023-02-28,Shipped
667,696,2025-08-02,2025-08-06,Shipped
668,474,2025-10-19,2025-10-22,Delivered
669,794,2022-10-08,2022-10-12,Shipped
670,565,2025-09-17,,Pending
671,180,2025-08-21,,Cancelled
672,84,2025-04-08,2025-04-15,Shipped
673,847,2024-07-23,2024-07-28,Processing
674,202,2024-08-17,2024-08-23,Shipped
675,908,2025-05-17,,Pending
676,745,2024-03-04,,Pending
677,914,2023-08-02,,Pending
678,870,2025-04-29,,Cancelled
679,647,2025-01-22,,Pending
680,833,2024-04-12,,Cancelled
681,593,2023-10-13,2023-10-20,Delivered
682,605,2025-07-13,2025-07-14,Processing
683,565,2025-10-29,2025-11-03,Shipped
684,916,2025-08-21,,Cancelled
685,484,2024-12-23,2024-12-26,Processing
686,402,2025-05-20,2025-05-27,Processing
687,604,2023-10-11,2023-10-13,Shipped
688,476,2022-12-23,,Cancelled
689,523,2025-01-10,,Pending
690,407,2024-11-09,2024-11-14,Shipped
691,11,2025-01-24,2025-01-31,Processing
692,988,2025-02-03,,Cancelled
693,701,2025-06-24,2025-07-01,Processing
694,527,2025-02-14,2025-02-18,Processing
695,164,2025-10-20,2025-10-25,Processing
696,972,2024-10-28,,Cancelled
697,676,2024-12-08,2024-12-14,Processing
698,750,2025-01-16,2025-01-19,Delivered
699,42,2025-03-14,2025-03-21,Processing
700,500,2025-03-26,2025-03-27,Processing
701,271,2023-11-07,2023-11-09,Shipped
702,44,2025-04-22,2025-04-27,Processing
703,930,2024-04-23,2024-04-27,Shipped
704,481,2023-08-27,2023-08-28,Delivered
705,41,2024-01-16,2024-01-17,Shipped
706,721,2025-07-05,,Cancelled
707,649,2025-09-09,2025-09-16,Shipped
708,760,2023-08-24,2023-08-29,Shipped
709,558,2024-10-28,,Cancelled
710,179,2025-01-25,2025-01-31,Delivered
711,388,2023-05-16,2023-05-21,Shipped
712,670,2025-08-15,,Pending
713,530,2025-09-29,2025-10-03,Shipped
714,997,2025-07-16,2025-07-21,Processing
715,416,2025-04-25,2025-05-02,Shipped
716,889,2025-06-13,2025-06-17,Shipped
717,812,2025-06-19,2025-06-24,Delivered
718,7,2022-11-19,,Cancelled
719,904,2023-05-06,2023-05-10,Processing
720,170,2024-10-15,2024-10-16,Processing
721,527,2025-08-03,2025-08-05,Shipped
722,154,2024-03-25,2024-03-27,Processing
723,371,2024-07-15,,Cancelled
724,735,2025-01-22,,Pending
725,677,2024-10-13,2024-10-17,Processing
726,831,2023-12-17,2023-12-23,Shipped
727,117,2024-05-27,2024-06-02,Delivered
728,491,2023-11-08,2023-11-10,Delivered
729,605,2025-05-14,2025-05-20,Processing
730,854,2025-04-30,2025-05-01,Delivered
731,250,2023-10-15,,Pending
732,131,2025-04-30,,Cancelled
733,607,2024-08-30,2024-09-01,Processing
734,645,2024-07-10,,Cancelled
735,41,2022-09-21,,Cancelled
736,151,2025-07-20,,Pending
737,171,2025-10-28,2025-10-30,Shipped
738,530,2025-10-26,2025-10-31,Delivered
739,993,2024-08-10,,Cancelled
740,653,2024-10-31,,Pending
741,900,2024-11-19,2024-11-20,Shipped
742,222,2025-02-23,2025-02-28,Delivered
743,483,2025-07-07,2025-07-09,Delivered
744,225,2025-05-08,2025-05-13,Delivered
745,147,2025-07-25,,Cancelled
746,841,2025-10-13,2025-10-18,Processing
747,676,2023-09-24,,Cancelled
748,271,2024-07-27,2024-08-02,Processing
749,703,2025-09-09,2025-09-13,Shipped
750,611,2024-07-11,,Cancelled
751,71,2025-09-02,2025-09-06,Processing
752,395,2024-07-19,2024-07-20,Processing
753,17,2025-05-02,2025-05-07,Processing
754,881,2023-11-19,,Cancelled
755,701,2025-06-28,2025-07-05,Delivered
756,154,2025-10-03,,Cancelled
757,99,2025-03-12,2025-03-16,Processing
758,924,2025-04-08,,Cancelled
759,615,2023-04-23,,Pending
760,899,2024-12-10,,Cancelled
761,516,2025-07-25,,Pending
762,96,2024-05-23,2024-05-29,Delivered
763,134,2025-10-19,,Cancelled
764,553,2025-08-26,,Pending
765,919,2025-09-03,2025-09-08,Delivered
766,431,2025-09-01,2025-09-08,Shipped
767,45,2025-07-09,,Cancelled
768,440,2025-09-09,2025-09-16,Processing
769,494,2025-10-15,2025-10-18,Delivered
770,604,2025-05-28,,Cancelled
771,101,2023-03-18,2023-03-20,Delivered
772,261,2025-02-10,2025-02-17,Delivered
773,239,2025-06-11,,Pending
774,291,2025-05-19,,Cancelled
775,898,2025-03-13,,Cancelled
776,419,2025-09-11,2025-09-13,Shipped
777,6,2023-12-18,,Pending
778,592,2025-09-26,,Cancelled
779,121,2025-04-02,,Cancelled
780,8,2024-03-26,2024-04-01,Delivered
781,211,2024-02-06,2024-02-10,Shipped
782,371,2025-08-12,,Pending
783,159,2024-03-07,2024-03-13,Delivered
784,600,2023-12-08,2023-12-11,Shipped
785,876,2025-03-17,,Cancelled
786,434,2025-08-20,,Cancelled
787,375,2024-04-18,,Cancelled
788,283,2025-02-25,2025-03-04,Delivered
789,209,2024-11-26,2024-12-01,Delivered
790,803,2025-07-28,,Cancelled
791,495,2025-06-07,2025-06-10,Processing
792,573,2025-06-12,,Cancelled
793,496,2025-03-09,2025-03-12,Shipped
794,592,2025-09-30,2025-10-07,Shipped
795,723,2022-11-28,2022-12-04,Delivered
796,142,2025-07-31,,Pending
797,766,2025-10-03,2025-10-07,Processing
798,802,2025-09-14,2025-09-15,Processing
799,220,2024-12-27,,Cancelled
800,411,2024-11-28,2024-12-05,Shipped
801,564,2023-09-07,,Cancelled
802,714,2025-05-20,,Pending
803,165,2025-06-13,2025-06-19,Delivered
804,6,2024-08-02,,Pending
805,844,2023-03-03,2023-03-07,Processing
806,949,2025-08-15,,Cancelled
807,446,2025-05-28,,Pending
808,66,2024-11-25,2024-11-27,Shipped
809,380,2025-04-05,,Pending
810,624,2024-10-25,,Pending
811,742,2022-12-15,2022-12-19,Delivered
812,629,2025-02-07,,Cancelled
813,294,2022-11-13,,Cancelled
814,59,2025-09-02,2025-09-08,Processing
815,507,2025-06-10,2025-06-11,Delivered
816,207,2023-08-06,,Cancelled
817,293,2025-10-04,2025-10-05,Processing
818,803,2025-06-20,,Cancelled
819,523,2025-05-09,,Cancelled
820,716,2025-09-14,2025-09-19,Processing
821,174,2024-07-28,,Pending
822,369,2025-10-14,2025-10-20,Processing
823,1,2025-07-20,2025-07-21,Processing
824,283,2025-01-31,2025-02-03,Delivered
825,686,2023-08-19,2023-08-23,Delivered
826,601,2023-07-13,2023-07-18,Processing
827,16,2025-02-25,,Pending
828,942,2025-05-07,,Pending
829,563,2024-06-18,2024-06-24,Shipped
830,850,2024-10-09,,Cancelled
831,937,2024-08-07,,Cancelled
832,357,2025-09-23,2025-09-30,Shipped
833,284,2025-05-02,2025-05-07,Processing
834,987,2024-04-10,2024-04-14,Processing
835,953,2025-04-06,2025-04-11,Delivered
836,5,2025-09-04,2025-09-06,Shipped
837,417,2024-08-06,,Cancelled
838,110,2024-08-04,,Cancelled
839,75,2025-05-18,,Cancelled
840,302,2025-01-30,2025-01-31,Shipped
841,823,2025-02-17,,Cancelled
842,980,2024-04-26,2024-05-01,Shipped
843,833,2024-02-25,,Cancelled
844,257,2024-07-10,2024-07-14,Delivered
845,577,2025-01-25,2025-02-01,Delivered
846,250,2022-02-10,2022-02-17,Shipped
847,470,2022-04-25,2022-04-30,Delivered
848,883,2024-12-31,,Pending
849,494,2025-09-08,,Pending
850,265,2024-05-20,,Pending
851,392,2025-06-09,2025-06-15,Processing
852,719,2025-09-25,2025-10-02,Processing
853,324,2025-09-01,2025-09-04,Delivered
854,529,2025-03-01,,Cancelled
855,10,2024-01-16,2024-01-18,Shipped
856,295,2025-06-24,,Pending
857,409,2024-05-14,2024-05-15,Shipped
858,568,2025-08-17,2025-08-21,Processing
859,322,2025-05-30,2025-06-01,Shipped
860,916,2024-02-10,,Cancelled
861,276,2024-12-27,2025-01-02,Processing
862,700,2025-09-07,2025-09-11,Processing
863,755,2025-04-07,2025-04-09,Processing
864,754,2022-06-21,2022-06-28,Processing
865,272,2025-10-17,2025-10-19,Processing
866,208,2023-07-19,2023-07-26,Processing
867,634,2025-06-12,2025-06-14,Shipped
868,798,2024-12-02,,Pending
869,123,2023-10-12,,Pending
870,693,2025-09-30,2025-10-05,Delivered
871,7,2023-09-24,,Cancelled
872,981,2025-09-03,,Pending
873,869,2023-12-05,2023-12-08,Delivered
874,636,2025-10-24,2025-10-28,Shipped
875,920,2025-07-13,,Cancelled
876,890,2025-05-22,2025-05-26,Shipped
877,188,2024-09-11,,Cancelled
878,287,2025-06-25,2025-06-27,Delivered
879,769,2024-07-10,,Cancelled
880,132,2024-07-14,,Pending
881,539,2025-03-24,2025-03-28,Delivered
882,963,2023-12-16,,Cancelled
883,34,2025-09-15,,Cancelled
884,356,2024-02-01,2024-02-08,Delivered
885,703,2025-06-06,2025-06-10,Processing
886,1000,2025-07-15,,Pending
887,716,2025-09-29,,Cancelled
888,472,2023-02-02,2023-02-08,Shipped
889,9,2025-01-10,,Pending
890,691,2025-08-11,2025-08-15,Processing
891,595,2025-04-09,,Pending
892,334,2024-10-03,2024-10-08,Shipped
893,883,2024-06-14,2024-06-16,Shipped
894,562,2025-05-26,2025-05-28,Shipped
895,276,2025-06-18,2025-06-23,Delivered
896,352,2024-02-09,2024-02-11,Shipped
897,511,2023-05-07,2023-05-09,Delivered
898,430,2025-09-12,2025-09-15,Shipped
899,875,2025-04-29,2025-05-02,Delivered
900,462,2025-03-07,2025-03-12,Processing
901,135,2025-08-29,,Cancelled
902,703,2025-09-17,2025-09-24,Processing
903,103,2024-02-06,2024-02-13,Shipped
904,242,2024-06-01,,Cancelled
905,443,2023-08-21,2023-08-23,Delivered
906,150,2023-07-30,2023-08-03,Processing
907,826,2022-11-17,,Pending
908,181,2025-01-06,2025-01-10,Delivered
909,138,2025-09-05,,Cancelled
910,547,2025-08-30,2025-09-06,Shipped
911,499,2025-01-13,2025-01-16,Shipped
912,576,2025-10-02,,Cancelled
913,49,2025-02-01,2025-02-02,Delivered
914,708,2025-09-02,2025-09-03,Processing
915,221,2024-02-18,2024-02-22,Shipped
916,860,2025-09-09,,Pending
917,461,2025-07-26,2025-07-29,Shipped
918,370,2024-07-10,2024-07-15,Shipped
919,571,2024-11-14,2024-11-17,Shipped
920,21,2022-10-06,2022-10-07,Delivered
921,360,2024-10-10,,Cancelled
922,204,2025-09-02,,Cancelled
923,590,2025-08-19,,Cancelled
924,179,2025-03-25,2025-03-28,Shipped
925,333,2023-09-01,,Cancelled
926,500,2025-05-27,2025-05-28,Delivered
927,391,2025-07-24,,Cancelled
928,294,2023-12-16,2023-12-22,Delivered
929,980,2023-07-05,2023-07-12,Processing
930,172,2024-12-11,2024-12-15,Shipped
931,647,2023-10-01,,Cancelled
932,586,2025-07-20,2025-07-27,Delivered
933,929,2022-08-02,,Pending
934,82,2025-06-09,2025-06-12,Processing
935,234,2025-08-03,2025-08-06,Shipped
936,669,2025-06-15,2025-06-21,Shipped
937,274,2025-08-18,,Cancelled
938,661,2025-04-30,2025-05-03,Delivered
939,909,2024-09-21,2024-09-28,Delivered
940,884,2024-03-24,2024-03-30,Shipped
941,602,2024-09-21,,Cancelled
942,989,2025-09-12,2025-09-16,Delivered
943,172,2025-05-31,2025-06-07,Processing
944,24,2024-07-14,2024-07-20,Processing
945,241,2025-05-18,2025-05-24,Shipped
946,718,2024-06-19,,Pending
947,216,2025-10-06,2025-10-10,Processing
948,106,2024-06-11,,Pending
949,66,2025-01-30,2025-02-04,Delivered
950,56,2024-04-10,,Pending
951,790,2022-11-17,2022-11-22,Delivered
952,784,2024-04-08,,Pending
953,107,2025-07-12,2025-07-17,Shipped
954,160,2024-12-28,,Pending
955,671,2023-03-25,2023-03-28,Delivered
956,235,2025-05-05,2025-05-11,Processing
957,291,2025-09-25,2025-10-01,Delivered
958,130,2025-07-22,2025-07-27,Processing
959,859,2025-05-15,2025-05-16,Processing
960,36,2025-04-24,2025-05-01,Shipped
961,938,2024-12-03,2024-12-10,Shipped
962,488,2023-06-14,2023-06-21,Delivered
963,554,2024-11-26,2024-12-01,Shipped
964,456,2023-08-26,2023-09-01,Processing
965,553,2025-09-01,2025-09-06,Processing
966,612,2025-06-20,2025-06-26,Delivered
967,767,2025-01-15,,Cancelled
968,446,2025-07-26,,Cancelled
969,656,2024-11-29,,Cancelled
970,318,2022-11-14,2022-11-18,Shipped
971,553,2025-08-25,2025-09-01,Processing
972,92,2024-11-11,2024-11-14,Delivered
973,375,2025-03-09,2025-03-12,Delivered
974,160,2024-03-29,2024-03-30,Shipped
975,1,2025-03-10,,Cancelled
976,835,2022-08-26,2022-08-29,Processing
977,294,2025-07-06,2025-07-11,Delivered
978,9,2025-02-21,2025-02-28,Delivered
979,489,2023-07-27,2023-07-28,Shipped
980,785,2023-12-11,2023-12-18,Delivered
981,300,2024-03-16,,Cancelled
982,237,2025-10-29,,Pending
983,562,2024-01-05,2024-01-07,Shipped
984,422,2025-07-16,,Cancelled
985,448,2024-03-24,2024-03-26,Delivered
986,168,2024-10-03,2024-10-10,Delivered
987,388,2023-02-02,2023-02-05,Processing
988,82,2025-03-28,2025-04-03,Delivered
989,246,2025-09-02,,Cancelled
990,783,2025-06-30,,Cancelled
991,827,2025-02-07,2025-02-10,Shipped
992,665,2024-11-24,,Cancelled
993,829,2025-07-20,2025-07-24,Shipped
994,193,2024-02-10,,Pending
995,187,2023-10-28,2023-10-31,Processing
996,114,2025-09-21,2025-09-26,Delivered
997,464,2025-06-21,2025-06-27,Shipped
998,638,2025-03-19,2025-03-21,Delivered
999,329,2023-11-09,,Pending
1000,156,2025-07-03,,Pending
1001,993,2025-03-03,,Cancelled
1002,23,2023-10-20,2023-10-21,Processing
1003,289,2024-05-04,2024-05-06,Shipped
1004,733,2023-09-28,2023-10-04,Delivered
1005,9,2025-08-26,2025-08-27,Processing
1006,155,2024-07-05,,Pending
1007,506,2025-04-30,2025-05-03,Processing
1008,431,2024-09-10,2024-09-17,Shipped
1009,819,2025-07-22,2025-07-25,Delivered
1010,475,2024-06-01,,Pending
1011,339,2025-04-12,,Pending
1012,864,2024-04-15,2024-04-16,Processing
1013,273,2024-06-15,2024-06-16,Delivered
1014,557,2025-08-09,2025-08-11,Delivered
1015,197,2025-04-27,2025-05-04,Shipped
1016,391,2024-07-06,,Pending
1017,125,2025-07-01,2025-07-05,Processing
1018,790,2025-10-15,2025-10-17,Delivered
1019,756,2025-05-12,,Pending
1020,204,2025-10-17,2025-10-23,Delivered
1021,790,2023-12-16,,Pending
1022,534,2025-06-22,2025-06-26,Processing
1023,399,2024-12-13,2024-12-16,Shipped
1024,163,2024-10-13,,Pending
1025,763,2025-09-29,,Cancelled
1026,534,2023-09-09,,Pending
1027,260,2025-02-09,2025-02-15,Delivered
1028,306,2023-04-09,2023-04-12,Processing
1029,909,2023-12-02,,Pending
1030,885,2024-02-27,2024-02-28,Processing
1031,242,2023-01-06,2023-01-09,Delivered
1032,16,2025-06-26,2025-07-03,Processing
1033,283,2025-06-08,,Cancelled
1034,123,2023-11-20,2023-11-27,Delivered
1035,249,2025-08-11,,Pending
1036,993,2023-07-22,,Pending
1037,596,2025-06-20,2025-06-26,Delivered
1038,611,2024-05-23,2024-05-26,Processing
1039,790,2023-06-30,,Pending
1040,255,2024-09-22,2024-09-26,Processing
1041,94,2025-04-16,,Cancelled
1042,347,2025-01-28,,Pending
1043,62,2023-08-03,2023-08-09,Shipped
1044,158,2024-05-13,,Cancelled
1045,811,2024-03-24,,Pending
1046,129,2024-11-02,2024-11-04,Delivered
1047,325,2025-07-11,,Cancelled
1048,808,2025-01-30,2025-02-06,Shipped
1049,914,2024-04-09,2024-04-15,Delivered
1050,198,2025-05-26,,Pending
1051,706,2025-05-07,2025-05-10,Delivered
1052,742,2023-07-14,2023-07-17,Processing
1053,921,2025-10-01,,Pending
1054,497,2025-09-17,2025-09-22,Delivered
1055,302,2023-12-31,,Cancelled
1056,714,2024-07-03,2024-07-05,Delivered
1057,581,2025-01-23,2025-01-28,Processing
1058,357,2025-10-26,2025-11-01,Shipped
1059,480,2024-04-16,2024-04-23,Shipped
1060,852,2023-08-16,,Cancelled
1061,937,2023-05-24,,Cancelled
1062,165,2025-05-14,,Pending
1063,544,2025-07-01,2025-07-05,Processing
1064,303,2024-08-08,2024-08-13,Shipped
1065,376,2025-06-01,2025-06-02,Delivered
1066,795,2025-07-02,,Cancelled
1067,389,2024-07-17,2024-07-18,Processing
1068,635,2023-07-11,2023-07-18,Shipped
1069,636,2025-10-21,2025-10-24,Processing
1070,739,2023-08-25,,Pending
1071,675,2023-08-10,,Cancelled
1072,839,2025-07-16,2025-07-18,Delivered
1073,537,2024-04-18,2024-04-25,Delivered
1074,565,2025-09-09,2025-09-14,Processing
1075,290,2023-08-28,2023-09-01,Shipped
1076,657,2023-10-08,2023-10-09,Shipped
1077,99,2025-04-15,,Cancelled
1078,675,2023-08-13,,Pending
1079,45,2025-03-15,2025-03-17,Processing
1080,895,2024-02-29,,Pending
1081,207,2024-04-06,,Pending
1082,498,2024-07-10,2024-07-11,Processing
1083,33,2023-07-14,,Cancelled
1084,658,2024-10-12,2024-10-18,Delivered
1085,502,2024-08-13,,Cancelled
1086,639,2023-01-07,,Cancelled
1087,263,2023-01-04,,Pending
1088,376,2025-10-15,2025-10-20,Processing
1089,736,2025-04-02,,Pending
1090,14,2024-01-22,2024-01-28,Processing
1091,504,2022-12-12,,Pending
1092,480,2024-02-01,,Pending
1093,370,2025-04-18,,Cancelled
1094,762,2025-09-20,2025-09-27,Delivered
1095,378,2024-06-28,,Pending
1096,844,2024-07-18,,Cancelled
1097,273,2025-08-21,,Cancelled
1098,42,2023-10-27,,Pending
1099,855,2025-02-01,2025-02-02,Shipped
1100,968,2024-05-10,2024-05-15,Processing
1101,100,2025-07-29,,Pending
1102,743,2025-09-25,2025-09-30,Processing
1103,395,2023-12-06,2023-12-08,Processing
1104,539,2023-10-31,2023-11-05,Processing
1105,641,2025-04-18,2025-04-23,Processing
1106,768,2025-07-09,,Cancelled
1107,426,2024-06-15,,Pending
1108,785,2025-09-09,,Cancelled
1109,367,2025-03-22,2025-03-28,Delivered
1110,682,2023-07-21,2023-07-22,Delivered
1111,171,2025-10-30,2025-11-04,Processing
1112,412,2025-09-02,,Cancelled
1113,346,2024-08-16,2024-08-21,Processing
1114,615,2024-12-18,2024-12-21,Delivered
1115,925,2025-10-27,2025-11-01,Shipped
1116,333,2024-01-05,2024-01-09,Shipped
1117,783,2025-08-01,2025-08-08,Delivered
1118,744,2025-10-15,2025-10-20,Shipped
1119,247,2024-10-21,,Cancelled
1120,559,2022-11-01,2022-11-05,Processing
1121,785,2023-05-20,,Cancelled
1122,949,2025-09-02,2025-09-05,Shipped
1123,985,2023-04-07,2023-04-11,Delivered
1124,983,2023-03-29,2023-03-30,Delivered
1125,744,2024-01-18,,Pending
1126,292,2025-03-08,,Cancelled
1127,17,2025-05-08,,Cancelled
1128,139,2023-09-12,2023-09-13,Shipped
1129,308,2025-04-16,2025-04-18,Processing
1130,877,2025-06-16,2025-06-17,Shipped
1131,791,2025-07-21,2025-07-26,Shipped
1132,524,2025-09-06,,Cancelled
1133,585,2025-05-10,,Cancelled
1134,159,2025-03-30,,Pending
1135,39,2025-05-22,2025-05-25,Delivered
1136,160,2025-06-26,2025-06-29,Processing
1137,376,2023-12-17,,Cancelled
1138,256,2025-09-23,2025-09-26,Processing
1139,831,2024-02-01,2024-02-02,Shipped
1140,585,2025-01-23,2025-01-28,Delivered
1141,940,2024-06-29,2024-07-05,Processing
1142,80,2024-11-11,2024-11-18,Shipped
1143,495,2025-07-09,2025-07-13,Processing
1144,846,2025-06-28,,Cancelled
1145,840,2022-09-14,,Pending
1146,610,2025-07-08,2025-07-09,Shipped
1147,749,2025-04-30,,Cancelled
1148,391,2024-07-15,,Pending
1149,799,2025-05-15,,Pending
1150,944,2022-09-18,2022-09-21,Shipped
1151,901,2023-05-12,2023-05-16,Delivered
1152,953,2025-10-15,,Pending
1153,891,2023-07-31,2023-08-06,Processing
1154,669,2024-12-27,,Cancelled
1155,951,2024-09-02,,Pending
1156,650,2024-09-06,2024-09-07,Delivered
1157,313,2023-12-28,,Cancelled
1158,43,2025-03-22,2025-03-27,Shipped
1159,579,2025-03-19,2025-03-22,Processing
1160,515,2025-06-17,2025-06-19,Processing
1161,52,2023-11-30,2023-12-04,Delivered
1162,771,2023-04-15,,Cancelled
1163,590,2024-09-08,,Cancelled
1164,93,2025-10-18,2025-10-22,Processing
1165,297,2025-05-31,2025-06-02,Delivered
1166,136,2024-10-29,2024-10-30,Shipped
1167,488,2022-10-16,,Cancelled
1168,764,2024-12-08,,Pending
1169,562,2024-12-17,2024-12-20,Delivered
1170,88,2025-02-19,2025-02-24,Delivered
1171,445,2025-03-18,2025-03-25,Processing
1172,139,2023-04-29,2023-05-04,Delivered
1173,203,2025-10-28,2025-11-01,Delivered
1174,668,2023-11-03,,Cancelled
1175,201,2025-08-22,,Cancelled
1176,631,2022-09-18,,Cancelled
1177,253,2024-02-05,2024-02-06,Processing
1178,273,2025-06-24,2025-06-27,Delivered
1179,702,2025-07-25,,Cancelled
1180,92,2025-01-28,,Pending
1181,688,2024-06-10,2024-06-14,Delivered
1182,375,2024-05-13,2024-05-15,Shipped
1183,329,2024-12-12,2024-12-17,Shipped
1184,672,2025-04-01,,Pending
1185,789,2025-04-26,2025-04-28,Shipped
1186,359,2025-08-04,,Cancelled
1187,842,2023-04-15,2023-04-20,Delivered
1188,150,2023-11-14,2023-11-15,Delivered
1189,947,2025-10-07,2025-10-09,Processing
1190,702,2024-08-05,2024-08-07,Shipped
1191,776,2025-05-31,,Pending
1192,116,2025-02-02,,Pending
1193,249,2025-06-14,,Cancelled
1194,949,2025-08-07,2025-08-14,Processing
1195,853,2025-02-15,2025-02-16,Shipped
1196,352,2024-03-25,,Pending
1197,313,2023-05-04,2023-05-08,Delivered
1198,24,2024-07-16,2024-07-18,Shipped
1199,758,2023-10-13,,Cancelled
1200,217,2024-10-26,2024-10-31,Processing
1201,536,2025-05-03,2025-05-08,Shipped
1202,495,2025-09-02,,Cancelled
1203,748,2025-10-01,2025-10-07,Processing
1204,716,2025-10-17,,Pending
1205,386,2025-05-07,,Cancelled
1206,928,2025-05-11,,Cancelled
1207,45,2025-07-06,2025-07-08,Shipped
1208,62,2023-05-28,2023-05-30,Shipped
1209,809,2025-09-06,,Cancelled
1210,278,2025-01-16,,Pending
1211,477,2025-04-03,,Pending
1212,69,2025-08-08,2025-08-14,Delivered
1213,278,2025-04-15,2025-04-22,Shipped
1214,111,2025-05-31,,Pending
1215,300,2025-04-29,2025-05-01,Delivered
1216,390,2025-02-15,,Cancelled
1217,727,2025-09-09,,Pending
1218,926,2025-03-17,2025-03-21,Shipped
1219,888,2025-05-16,,Cancelled
1220,545,2023-10-21,,Pending
1221,191,2025-09-08,2025-09-13,Processing
1222,990,2025-04-27,2025-05-02,Delivered
1223,949,2025-10-10,,Pending
1224,41,2024-04-12,2024-04-17,Processing
1225,313,2025-01-08,2025-01-12,Shipped
1226,403,2025-05-05,2025-05-06,Processing
1227,356,2023-11-26,2023-11-29,Shipped
1228,641,2024-08-21,2024-08-23,Shipped
1229,514,2025-04-07,2025-04-14,Shipped
1230,64,2024-10-15,2024-10-19,Shipped
1231,912,2025-09-20,,Pending
1232,967,2025-10-14,,Cancelled
1233,972,2025-04-08,2025-04-10,Shipped
1234,156,2025-10-27,2025-10-31,Shipped
1235,673,2024-12-18,2024-12-19,Processing
1236,748,2025-05-19,2025-05-24,Delivered
1237,984,2023-06-17,,Cancelled
1238,894,2024-06-24,2024-06-28,Processing
1239,247,2024-08-31,,Cancelled
1240,157,2025-07-12,2025-07-15,Delivered
1241,932,2025-01-14,,Cancelled
1242,338,2025-08-20,2025-08-25,Delivered
1243,135,2025-08-18,2025-08-24,Processing
1244,142,2024-12-26,,Cancelled
1245,555,2025-04-01,2025-04-08,Processing
1246,142,2025-10-28,2025-11-03,Shipped
1247,723,2024-04-05,,Cancelled
1248,932,2025-04-04,2025-04-08,Processing
1249,931,2025-05-11,2025-05-17,Processing
1250,956,2025-10-20,,Cancelled
1251,940,2024-06-29,2024-07-02,Processing
1252,70,2024-01-23,,Cancelled
1253,546,2025-08-24,,Pending
1254,189,2025-05-25,2025-06-01,Shipped
1255,901,2023-09-04,2023-09-10,Processing
1256,31,2023-09-01,2023-09-05,Shipped
1257,985,2024-10-07,2024-10-10,Delivered
1258,454,2025-06-21,2025-06-23,Shipped
1259,798,2025-07-14,2025-07-15,Processing
1260,135,2025-07-21,2025-07-22,Processing
1261,781,2025-09-07,,Cancelled
1262,632,2024-09-04,2024-09-09,Shipped
1263,581,2025-09-18,,Cancelled
1264,237,2025-06-18,,Cancelled
1265,238,2025-09-21,2025-09-27,Processing
1266,27,2023-04-15,2023-04-16,Shipped
1267,705,2024-02-02,2024-02-04,Delivered
1268,515,2025-10-18,,Cancelled
1269,481,2025-03-20,2025-03-22,Shipped
1270,873,2023-10-07,2023-10-11,Delivered
1271,486,2023-10-19,2023-10-21,Processing
1272,198,2025-05-13,2025-05-14,Processing
1273,419,2025-07-26,,Pending
1274,948,2025-06-29,2025-07-03,Shipped
1275,228,2024-05-24,2024-05-31,Processing
1276,210,2023-06-10,,Pending
1277,182,2023-06-28,2023-07-05,Delivered
1278,632,2024-08-02,2024-08-08,Delivered
1279,333,2025-05-07,2025-05-09,Delivered
1280,438,2025-06-13,2025-06-20,Delivered
1281,43,2023-06-13,,Cancelled
1282,753,2025-09-21,2025-09-27,Delivered
1283,321,2025-10-29,2025-11-03,Delivered
1284,962,2023-01-01,,Cancelled
1285,609,2024-12-13,,Cancelled
1286,538,2024-11-24,,Pending
1287,534,2024-07-24,,Pending
1288,463,2024-12-15,2024-12-22,Delivered
1289,899,2025-05-14,,Pending
1290,899,2023-07-15,2023-07-20,Processing
1291,551,2023-12-31,2024-01-06,Delivered
1292,41,2022-07-06,,Cancelled
1293,397,2024-08-05,,Cancelled
1294,784,2024-01-21,,Pending
1295,195,2023-07-21,2023-07-25,Shipped
1296,408,2025-03-30,2025-04-06,Shipped
1297,848,2024-10-28,2024-11-01,Shipped
1298,171,2025-10-29,2025-11-01,Delivered
1299,628,2024-10-19,,Pending
1300,707,2023-03-06,,Cancelled
1301,926,2024-11-28,2024-12-02,Processing
1302,850,2024-05-28,2024-05-29,Delivered
1303,740,2025-08-09,,Cancelled
1304,116,2025-09-04,2025-09-11,Processing
1305,600,2023-12-21,,Cancelled
1306,139,2024-08-17,2024-08-21,Delivered
1307,332,2025-01-17,2025-01-18,Delivered
1308,184,2024-11-25,2024-11-30,Delivered
1309,919,2025-09-20,2025-09-24,Processing
1310,93,2024-12-10,2024-12-13,Shipped
1311,709,2023-07-07,2023-07-13,Processing
1312,751,2025-02-07,,Pending
1313,94,2025-04-15,,Pending
1314,724,2025-10-13,2025-10-19,Delivered
1315,372,2025-07-22,,Pending
1316,537,2024-05-08,2024-05-14,Delivered
1317,811,2024-05-05,,Cancelled
1318,627,2023-11-15,2023-11-19,Processing
1319,564,2025-07-06,2025-07-07,Delivered
1320,787,2024-09-20,2024-09-23,Processing
1321,580,2025-02-06,2025-02-08,Processing
1322,890,2025-06-07,2025-06-09,Processing
1323,788,2024-10-17,,Pending
1324,430,2025-09-17,2025-09-20,Shipped
1325,748,2025-04-27,2025-04-30,Delivered
1326,642,2025-09-09,2025-09-10,Processing
1327,921,2025-10-22,2025-10-24,Processing
1328,4,2024-09-09,,Cancelled
1329,784,2024-08-05,2024-08-06,Shipped
1330,470,2024-11-13,2024-11-20,Delivered
1331,511,2025-10-04,,Cancelled
1332,827,2024-02-20,,Pending
1333,623,2025-10-29,2025-10-31,Delivered
1334,223,2025-05-13,,Cancelled
1335,676,2023-11-22,2023-11-26,Delivered
1336,420,2024-03-29,2024-03-30,Delivered
1337,616,2024-08-17,,Cancelled
1338,7,2024-12-11,2024-12-16,Processing
1339,285,2025-01-11,,Cancelled
1340,644,2025-09-14,,Cancelled
1341,840,2023-07-12,2023-07-13,Processing
1342,190,2023-01-04,2023-01-05,Processing
1343,669,2024-10-31,2024-11-01,Shipped
1344,149,2023-08-23,,Pending
1345,684,2025-10-21,,Cancelled
1346,859,2024-12-04,,Cancelled
1347,306,2025-08-23,2025-08-24,Shipped
1348,51,2025-05-09,,Pending
1349,427,2022-08-12,2022-08-14,Processing
1350,689,2025-06-02,2025-06-07,Shipped
1351,677,2024-12-17,,Cancelled
1352,587,2025-01-15,,Cancelled
1353,182,2025-06-19,2025-06-25,Delivered
1354,593,2023-12-30,2023-12-31,Shipped
1355,96,2024-07-02,2024-07-05,Shipped
1356,378,2022-12-31,2023-01-07,Delivered
1357,70,2025-03-18,2025-03-25,Delivered
1358,564,2022-12-05,,Pending
1359,300,2024-05-15,2024-05-17,Delivered
1360,125,2024-05-11,2024-05-14,Shipped
1361,540,2025-05-14,2025-05-19,Delivered
1362,215,2024-04-26,2024-05-01,Processing
1363,60,2023-09-08,,Pending
1364,586,2024-11-09,,Cancelled
1365,90,2023-06-10,2023-06-16,Delivered
1366,706,2024-02-26,,Cancelled
1367,957,2025-05-23,2025-05-27,Shipped
1368,624,2025-08-10,2025-08-13,Shipped
1369,539,2023-10-14,,Cancelled
1370,639,2025-05-17,2025-05-19,Shipped
1371,630,2025-10-01,,Cancelled
1372,509,2025-10-25,,Cancelled
1373,747,2024-07-11,2024-07-15,Delivered
1374,828,2025-09-03,2025-09-08,Processing
1375,239,2025-04-08,2025-04-10,Shipped
1376,2,2024-10-04,,Pending
1377,25,2024-07-08,2024-07-14,Delivered
1378,816,2023-05-11,,Pending
1379,756,2025-05-02,2025-05-09,Processing
1380,631,2023-11-27,2023-12-01,Delivered
1381,47,2023-11-18,2023-11-21,Shipped
1382,574,2025-08-22,2025-08-23,Processing
1383,656,2024-12-28,2025-01-03,Processing
1384,289,2024-04-18,2024-04-25,Shipped
1385,70,2025-07-16,2025-07-19,Shipped
1386,519,2024-11-17,,Cancelled
1387,332,2025-07-10,,Pending
1388,117,2024-10-03,2024-10-06,Shipped
1389,406,2022-12-22,,Cancelled
1390,631,2025-09-10,,Pending
1391,853,2024-08-24,2024-08-26,Processing
1392,339,2025-05-11,2025-05-17,Shipped
1393,491,2024-05-16,2024-05-23,Delivered
1394,37,2025-10-27,2025-10-31,Processing
1395,160,2024-10-21,2024-10-28,Delivered
1396,550,2023-10-29,2023-11-02,Shipped
1397,803,2025-09-23,2025-09-29,Delivered
1398,58,2025-04-04,,Cancelled
1399,307,2023-06-30,,Cancelled
1400,743,2025-10-17,2025-10-22,Shipped
1401,549,2024-10-28,,Pending
1402,214,2025-10-01,,Cancelled
1403,702,2022-12-08,2022-12-15,Shipped
1404,939,2024-07-25,2024-07-26,Shipped
1405,993,2023-04-04,2023-04-07,Processing
1406,861,2022-11-16,,Pending
1407,348,2025-08-31,2025-09-06,Delivered
1408,548,2024-03-07,2024-03-12,Processing
1409,621,2024-03-05,2024-03-07,Delivered
1410,610,2025-07-24,,Pending
1411,886,2022-06-19,2022-06-25,Shipped
1412,879,2025-10-10,2025-10-16,Shipped
1413,33,2023-05-19,2023-05-23,Shipped
1414,89,2025-07-16,2025-07-18,Delivered
1415,381,2025-08-18,2025-08-25,Delivered
1416,974,2025-04-26,2025-04-28,Shipped
1417,538,2025-09-06,2025-09-08,Shipped
1418,115,2025-04-10,2025-04-17,Shipped
1419,39,2025-08-14,2025-08-15,Processing
1420,455,2025-06-12,,Cancelled
1421,26,2024-11-04,2024-11-09,Delivered
1422,158,2024-07-18,2024-07-21,Processing
1423,946,2024-10-28,2024-11-03,Delivered
1424,895,2025-10-28,,Cancelled
1425,318,2025-05-31,2025-06-02,Shipped
1426,788,2025-02-17,,Pending
1427,842,2024-11-26,,Cancelled
1428,693,2025-09-10,2025-09-12,Processing
1429,742,2023-10-10,,Pending
1430,471,2023-07-18,2023-07-24,Delivered
1431,886,2023-08-08,,Cancelled
1432,119,2025-01-28,,Pending
1433,319,2025-09-07,,Pending
1434,704,2024-04-07,,Cancelled
1435,893,2024-08-10,,Pending
1436,342,2025-06-10,2025-06-11,Delivered
1437,106,2024-12-09,,Cancelled
1438,785,2024-05-24,2024-05-25,Shipped
1439,592,2025-06-11,2025-06-17,Shipped
1440,914,2024-10-13,2024-10-16,Processing
1441,206,2025-05-17,2025-05-20,Processing
1442,284,2025-06-10,,Cancelled
1443,327,2025-09-07,2025-09-13,Delivered
1444,121,2025-06-18,2025-06-20,Shipped
1445,162,2025-09-27,2025-09-28,Shipped
1446,16,2024-06-15,,Cancelled
1447,574,2024-08-10,,Cancelled
1448,105,2025-07-28,2025-08-02,Processing
1449,359,2025-05-31,,Cancelled
1450,327,2025-08-30,2025-09-01,Shipped
1451,966,2025-07-12,2025-07-17,Shipped
1452,251,2025-10-29,2025-10-30,Processing
1453,319,2024-01-25,,Cancelled
1454,914,2024-02-14,2024-02-19,Shipped
1455,455,2023-09-22,,Pending
1456,134,2025-04-02,,Pending
1457,483,2024-09-10,,Pending
1458,109,2024-12-23,2024-12-24,Delivered
1459,89,2025-06-18,2025-06-22,Delivered
1460,184,2024-10-16,,Cancelled
1461,913,2025-07-03,,Cancelled
1462,645,2025-03-25,2025-03-30,Delivered
1463,365,2024-09-27,2024-09-30,Shipped
1464,838,2024-11-26,2024-12-02,Processing
1465,777,2023-11-15,,Cancelled
1466,81,2025-09-25,2025-09-30,Delivered
1467,135,2025-08-18,,Pending
1468,833,2024-08-07,2024-08-08,Delivered
1469,467,2024-08-13,2024-08-19,Shipped
1470,660,2024-05-04,2024-05-08,Delivered
1471,238,2025-02-16,2025-02-18,Processing
1472,882,2025-02-08,,Cancelled
1473,265,2025-09-28,2025-10-02,Shipped
1474,188,2024-04-12,2024-04-19,Shipped
1475,882,2022-11-13,2022-11-17,Shipped
1476,500,2025-10-30,,Pending
1477,67,2025-08-21,2025-08-22,Delivered
1478,360,2022-11-21,2022-11-25,Delivered
1479,867,2023-08-04,2023-08-07,Processing
1480,787,2025-03-18,2025-03-23,Shipped
1481,589,2024-03-18,2024-03-23,Processing
1482,106,2025-01-11,2025-01-18,Delivered
1483,732,2025-08-28,,Pending
1484,334,2025-10-19,,Cancelled
1485,666,2023-04-29,,Pending
1486,812,2025-06-20,2025-06-25,Shipped
1487,473,2024-04-19,2024-04-24,Delivered
1488,424,2025-10-25,2025-10-30,Processing
1489,250,2025-09-14,,Cancelled
1490,163,2024-11-14,2024-11-18,Delivered
1491,68,2024-10-07,2024-10-09,Shipped
1492,834,2025-02-09,,Cancelled
1493,442,2023-12-18,2023-12-23,Delivered
1494,807,2025-10-07,2025-10-12,Shipped
1495,711,2024-12-29,2024-12-31,Processing
1496,679,2025-03-24,,Pending
1497,758,2023-05-27,,Cancelled
1498,857,2025-10-17,2025-10-18,Delivered
1499,607,2023-06-09,,Cancelled
1500,475,2023-11-28,2023-12-03,Shipped
1501,100,2025-04-30,2025-05-02,Delivered
1502,316,2025-08-20,2025-08-21,Delivered
1503,613,2025-10-16,,Pending
1504,702,2022-10-23,,Cancelled
1505,790,2023-07-10,2023-07-13,Delivered
1506,507,2025-05-04,,Pending
1507,93,2024-05-17,2024-05-24,Processing
1508,143,2025-01-24,,Cancelled
1509,925,2025-10-26,,Pending
1510,776,2025-01-29,2025-02-04,Processing
1511,153,2025-10-06,2025-10-11,Delivered
1512,299,2023-09-15,2023-09-20,Delivered
1513,592,2025-06-14,2025-06-16,Delivered
1514,211,2025-02-07,2025-02-10,Shipped
1515,584,2025-10-19,2025-10-23,Shipped
1516,736,2024-09-24,2024-09-25,Shipped
1517,597,2024-12-09,,Pending
1518,627,2024-02-24,,Cancelled
1519,414,2024-04-13,2024-04-20,Processing
1520,302,2025-07-31,,Pending
1521,379,2024-09-20,,Cancelled
1522,992,2022-08-09,,Pending
1523,1,2024-12-20,,Cancelled
1524,841,2024-09-19,2024-09-20,Shipped
1525,882,2025-06-14,2025-06-21,Shipped
1526,32,2023-07-11,2023-07-15,Processing
1527,720,2025-04-01,,Cancelled
1528,404,2025-06-17,2025-06-23,Shipped
1529,392,2025-05-10,2025-05-14,Delivered
1530,446,2025-03-11,,Cancelled
1531,217,2024-12-28,2025-01-01,Processing
1532,143,2024-11-12,2024-11-17,Processing
1533,394,2024-01-19,2024-01-26,Shipped
1534,428,2023-11-09,2023-11-12,Processing
1535,894,2025-01-29,2025-01-31,Processing
1536,12,2025-10-22,,Pending
1537,664,2025-03-25,,Pending
1538,148,2025-02-08,2025-02-14,Delivered
1539,448,2025-05-11,2025-05-12,Processing
1540,141,2024-11-16,2024-11-23,Delivered
1541,467,2023-10-15,,Cancelled
1542,953,2025-08-18,2025-08-23,Delivered
1543,185,2024-08-13,2024-08-18,Delivered
1544,435,2025-09-14,,Cancelled
1545,840,2023-01-15,2023-01-19,Delivered
1546,364,2024-07-30,2024-08-01,Processing
1547,435,2025-06-29,,Cancelled
1548,8,2024-02-02,,Cancelled
1549,511,2024-05-22,2024-05-28,Processing
1550,514,2025-06-26,2025-06-30,Shipped
1551,949,2025-07-27,,Cancelled
1552,591,2024-10-09,2024-10-10,Shipped
1553,39,2025-08-22,,Cancelled
1554,495,2025-08-16,2025-08-17,Shipped
1555,595,2022-10-02,2022-10-08,Delivered
1556,82,2025-08-15,2025-08-21,Processing
1557,749,2025-07-14,,Cancelled
1558,880,2025-04-21,2025-04-25,Shipped
1559,530,2025-06-05,,Pending
1560,536,2023-06-20,,Cancelled
1561,91,2025-02-25,2025-03-01,Processing
1562,646,2025-08-02,,Pending
1563,701,2025-06-12,,Cancelled
1564,818,2025-09-23,,Cancelled
1565,320,2025-09-11,,Cancelled
1566,55,2023-04-01,2023-04-06,Shipped
1567,798,2023-08-24,,Pending
1568,481,2025-05-24,2025-05-29,Delivered
1569,928,2023-07-20,2023-07-25,Delivered
1570,752,2024-10-29,2024-11-02,Shipped
1571,362,2024-10-29,2024-11-01,Shipped
1572,172,2024-06-23,,Pending
1573,712,2023-03-25,,Cancelled
1574,768,2024-04-19,2024-04-25,Shipped
1575,804,2022-07-16,,Cancelled
1576,267,2024-12-09,,Pending
1577,645,2025-06-01,2025-06-06,Delivered
1578,174,2025-10-09,,Cancelled
1579,53,2024-12-02,2024-12-09,Shipped
1580,756,2025-07-06,,Cancelled
1581,28,2023-10-27,2023-10-31,Shipped
1582,85,2025-06-09,2025-06-14,Processing
1583,79,2023-03-25,2023-03-28,Shipped
1584,136,2024-02-16,,Cancelled
1585,288,2025-01-06,2025-01-13,Shipped
1586,264,2023-07-13,,Pending
1587,760,2024-03-12,,Pending
1588,619,2025-06-25,2025-06-30,Processing
1589,757,2024-06-21,2024-06-27,Processing
1590,458,2024-12-24,2024-12-31,Shipped
1591,180,2024-05-28,2024-06-04,Shipped
1592,718,2024-04-16,2024-04-20,Processing
1593,186,2024-12-09,,Cancelled
1594,883,2025-09-06,,Pending
1595,352,2025-09-16,,Pending
1596,991,2025-10-24,2025-10-29,Processing
1597,957,2025-08-24,2025-08-31,Processing
1598,508,2024-01-03,2024-01-10,Delivered
1599,393,2025-10-21,2025-10-27,Processing
1600,451,2024-12-18,2024-12-20,Processing
1601,592,2025-07-09,2025-07-10,Shipped
1602,658,2025-09-09,2025-09-16,Shipped
1603,840,2024-01-13,,Pending
1604,54,2022-11-22,2022-11-26,Processing
1605,409,2024-06-04,2024-06-07,Delivered
1606,488,2022-09-05,,Cancelled
1607,240,2025-01-10,2025-01-16,Delivered
1608,723,2023-11-05,2023-11-09,Delivered
1609,269,2025-03-30,2025-04-04,Processing
1610,892,2024-09-21,2024-09-22,Delivered
1611,296,2024-02-18,2024-02-22,Delivered
1612,695,2024-03-02,2024-03-07,Shipped
1613,700,2025-10-07,,Pending
1614,100,2025-03-23,,Cancelled
1615,653,2025-10-29,2025-11-05,Shipped
1616,443,2024-04-30,,Cancelled
1617,941,2023-12-04,2023-12-07,Shipped
1618,277,2025-05-27,2025-06-03,Shipped
1619,101,2024-04-17,2024-04-23,Shipped
1620,599,2024-03-30,2024-04-03,Delivered
1621,792,2025-06-19,2025-06-25,Processing
1622,689,2025-03-02,,Cancelled
1623,789,2024-09-27,2024-10-02,Processing
1624,346,2024-09-03,2024-09-06,Processing
1625,561,2025-01-23,,Pending
1626,689,2025-08-22,,Pending
1627,852,2025-10-15,,Pending
1628,13,2023-01-08,2023-01-09,Delivered
1629,538,2023-01-20,,Pending
1630,702,2023-09-15,2023-09-18,Delivered
1631,225,2023-10-23,2023-10-26,Shipped
1632,198,2025-08-27,,Pending
1633,25,2025-05-05,,Cancelled
1634,95,2025-02-04,,Pending
1635,962,2025-09-12,,Cancelled
1636,673,2024-04-23,2024-04-28,Processing
1637,654,2025-07-11,,Pending
1638,726,2022-12-22,,Pending
1639,89,2025-08-11,,Cancelled
1640,134,2025-04-18,2025-04-24,Delivered
1641,783,2025-10-25,,Cancelled
1642,823,2025-01-05,2025-01-06,Processing
1643,713,2025-01-25,2025-01-28,Processing
1644,302,2025-10-04,2025-10-10,Delivered
1645,959,2024-09-26,,Pending
1646,655,2024-12-16,2024-12-19,Delivered
1647,788,2025-03-06,2025-03-12,Delivered
1648,926,2024-02-07,2024-02-10,Shipped
1649,166,2024-12-09,,Pending
1650,284,2025-08-09,,Pending
1651,392,2025-07-02,2025-07-05,Delivered
1652,62,2023-05-07,2023-05-14,Shipped
1653,272,2025-06-07,2025-06-11,Processing
1654,72,2025-08-25,2025-08-27,Delivered
1655,625,2023-12-07,2023-12-09,Delivered
1656,661,2024-10-22,2024-10-23,Delivered
1657,148,2025-04-03,,Cancelled
1658,788,2025-02-25,2025-02-27,Delivered
1659,629,2025-05-08,,Pending
1660,935,2024-07-08,2024-07-14,Delivered
1661,266,2025-01-11,,Pending
1662,36,2025-07-02,,Pending
1663,73,2024-10-09,,Cancelled
1664,746,2023-06-05,2023-06-12,Shipped
1665,457,2024-04-02,,Pending
1666,919,2025-10-12,2025-10-14,Delivered
1667,669,2025-07-09,,Pending
1668,956,2024-11-01,,Pending
1669,681,2024-04-15,2024-04-18,Delivered
1670,156,2025-10-23,2025-10-27,Shipped
1671,589,2025-01-14,,Pending
1672,528,2023-03-15,2023-03-19,Delivered
1673,447,2024-11-20,2024-11-27,Delivered
1674,746,2024-10-18,,Pending
1675,554,2025-03-27,2025-03-28,Processing
1676,394,2024-07-08,2024-07-09,Delivered
1677,581,2025-08-17,,Cancelled
1678,958,2025-06-04,2025-06-07,Shipped
1679,699,2025-10-11,2025-10-15,Shipped
1680,57,2024-08-14,,Pending
1681,375,2025-05-26,,Cancelled
1682,874,2024-04-21,2024-04-22,Shipped
1683,862,2025-07-08,2025-07-15,Delivered
1684,785,2023-10-20,2023-10-26,Shipped
1685,208,2023-11-11,2023-11-16,Processing
1686,41,2025-06-19,2025-06-25,Delivered
1687,196,2023-12-08,2023-12-14,Shipped
1688,400,2023-01-02,,Pending
1689,646,2025-02-13,2025-02-17,Shipped
1690,87,2024-06-29,2024-07-05,Delivered
1691,195,2025-03-01,2025-03-02,Processing
1692,198,2025-04-26,,Pending
1693,738,2025-06-26,,Cancelled
1694,245,2025-09-19,2025-09-23,Delivered
1695,65,2025-08-07,,Cancelled
1696,659,2025-01-16,2025-01-20,Shipped
1697,547,2025-08-28,2025-08-29,Delivered
1698,38,2023-12-06,2023-12-07,Shipped
1699,346,2025-10-03,,Pending
1700,416,2025-09-02,,Pending
1701,217,2025-03-17,,Cancelled
1702,470,2024-07-25,,Cancelled
1703,153,2025-09-01,,Cancelled
1704,239,2025-08-23,,Pending
1705,38,2024-05-02,2024-05-06,Processing
1706,670,2025-02-16,,Pending
1707,483,2024-05-03,,Cancelled
1708,47,2023-02-19,2023-02-25,Processing
1709,665,2025-08-17,2025-08-18,Processing
1710,177,2025-05-02,,Pending
1711,927,2025-10-30,2025-11-06,Shipped
1712,813,2024-10-09,,Pending
1713,468,2022-11-14,,Cancelled
1714,175,2024-03-24,,Cancelled
1715,66,2025-10-09,,Pending
1716,117,2024-12-30,2025-01-04,Delivered
1717,819,2025-05-23,,Cancelled
1718,226,2023-12-18,,Pending
1719,824,2025-10-29,2025-11-02,Processing
1720,346,2025-05-24,2025-05-27,Delivered
1721,124,2025-08-14,,Cancelled
1722,559,2025-09-20,2025-09-23,Processing
1723,857,2024-10-20,2024-10-27,Processing
1724,47,2025-03-07,,Cancelled
1725,178,2025-10-18,2025-10-19,Shipped
1726,124,2025-05-27,2025-05-29,Shipped
1727,776,2024-08-30,2024-09-01,Delivered
1728,714,2025-10-15,2025-10-20,Shipped
1729,169,2023-11-23,2023-11-25,Delivered
1730,948,2025-09-08,,Cancelled
1731,42,2024-05-01,2024-05-02,Processing
1732,811,2024-07-30,,Cancelled
1733,386,2024-09-16,2024-09-17,Processing
1734,901,2024-06-25,2024-06-26,Delivered
1735,7,2025-10-05,,Pending
1736,184,2025-05-13,,Pending
1737,724,2025-10-20,,Cancelled
1738,909,2023-07-27,2023-07-31,Shipped
1739,711,2022-11-11,2022-11-17,Delivered
1740,130,2025-03-05,2025-03-07,Processing
1741,656,2024-10-26,2024-10-31,Shipped
1742,462,2024-07-28,2024-07-30,Delivered
1743,961,2023-06-26,2023-07-01,Processing
1744,709,2023-07-02,,Pending
1745,611,2024-06-01,2024-06-07,Processing
1746,512,2025-06-13,,Cancelled
1747,974,2025-07-28,,Pending
1748,643,2024-11-03,2024-11-06,Shipped
1749,429,2024-11-29,,Pending
1750,572,2025-04-24,2025-04-26,Processing
1751,121,2025-10-25,,Cancelled
1752,98,2025-05-17,,Cancelled
1753,371,2025-06-10,,Cancelled
1754,520,2023-10-30,2023-11-03,Processing
1755,789,2024-12-18,2024-12-21,Processing
1756,55,2023-10-06,2023-10-07,Processing
1757,816,2024-02-21,2024-02-27,Processing
1758,865,2025-02-04,2025-02-08,Delivered
1759,181,2024-09-20,2024-09-26,Processing
1760,945,2025-10-22,,Pending
1761,56,2025-04-26,2025-04-29,Shipped
1762,215,2024-03-01,2024-03-04,Delivered
1763,343,2025-01-15,,Cancelled
1764,825,2025-07-04,2025-07-05,Delivered
1765,107,2025-06-25,,Pending
1766,948,2025-08-19,,Cancelled
1767,181,2025-04-15,2025-04-22,Processing
1768,30,2025-05-31,2025-06-05,Delivered
1769,119,2024-02-02,,Pending
1770,917,2024-07-19,2024-07-25,Processing
1771,456,2023-09-11,,Cancelled
1772,594,2023-10-31,2023-11-04,Shipped
1773,204,2025-10-28,2025-10-30,Shipped
1774,798,2023-02-10,,Pending
1775,334,2025-06-04,2025-06-05,Processing
1776,243,2023-02-26,2023-03-05,Delivered
1777,205,2025-03-18,2025-03-20,Delivered
1778,76,2025-10-01,2025-10-06,Delivered
1779,497,2025-09-07,,Pending
1780,912,2025-10-24,2025-10-26,Delivered
1781,222,2024-01-13,,Cancelled
1782,466,2025-08-07,2025-08-11,Processing
1783,383,2023-05-09,2023-05-13,Processing
1784,738,2024-08-17,2024-08-23,Processing
1785,368,2025-07-14,2025-07-16,Shipped
1786,344,2024-10-21,2024-10-22,Processing
1787,709,2024-09-15,,Cancelled
1788,62,2022-11-12,2022-11-14,Shipped
1789,114,2025-08-23,2025-08-27,Delivered
1790,429,2025-06-17,2025-06-24,Processing
1791,352,2024-05-03,2024-05-06,Processing
1792,619,2025-02-23,2025-03-02,Processing
1793,814,2025-07-19,,Cancelled
1794,928,2025-10-23,2025-10-28,Processing
1795,994,2025-06-29,,Cancelled
1796,876,2024-10-11,2024-10-12,Processing
1797,422,2025-09-06,,Cancelled
1798,501,2025-09-11,2025-09-16,Processing
1799,485,2025-10-03,2025-10-06,Delivered
1800,15,2025-09-11,2025-09-17,Delivered
1801,894,2025-04-26,2025-04-28,Processing
1802,336,2025-10-02,2025-10-07,Delivered
1803,228,2025-07-27,,Cancelled
1804,969,2025-06-16,2025-06-21,Processing
1805,920,2025-05-08,,Pending
1806,428,2023-04-20,,Pending
1807,42,2024-02-23,2024-02-29,Delivered
1808,788,2025-10-16,,Cancelled
1809,35,2024-02-27,2024-03-03,Delivered
1810,404,2024-06-16,2024-06-23,Delivered
1811,818,2025-02-16,,Pending
1812,464,2025-05-30,2025-06-01,Delivered
1813,86,2023-10-03,,Cancelled
1814,772,2024-09-28,,Pending
1815,710,2024-06-24,2024-06-26,Delivered
1816,136,2023-07-26,2023-07-29,Shipped
1817,245,2024-09-15,,Pending
1818,17,2025-04-13,2025-04-19,Delivered
1819,313,2023-03-06,2023-03-12,Processing
1820,471,2024-12-22,,Cancelled
1821,766,2022-09-30,,Cancelled
1822,25,2025-03-21,2025-03-25,Delivered
1823,791,2025-09-28,2025-10-05,Processing
1824,721,2025-10-05,2025-10-07,Delivered
1825,809,2025-08-10,2025-08-16,Shipped
1826,476,2023-05-31,,Pending
1827,882,2024-04-17,,Pending
1828,395,2025-06-05,2025-06-10,Shipped
1829,34,2025-09-16,2025-09-20,Shipped
1830,771,2023-02-07,2023-02-13,Shipped
1831,969,2024-02-09,,Cancelled
1832,556,2023-04-03,,Cancelled
1833,814,2024-10-15,2024-10-22,Processing
1834,702,2023-07-18,,Pending
1835,636,2025-09-30,2025-10-06,Shipped
1836,955,2022-06-14,,Pending
1837,528,2024-08-11,2024-08-12,Shipped
1838,114,2025-05-11,2025-05-14,Delivered
1839,477,2024-05-11,,Cancelled
1840,42,2024-10-15,2024-10-18,Shipped
1841,180,2023-12-28,,Cancelled
1842,722,2024-11-22,,Pending
1843,575,2023-04-05,2023-04-07,Processing
1844,343,2024-02-04,2024-02-09,Processing
1845,117,2024-02-27,2024-03-04,Delivered
1846,962,2024-06-22,,Cancelled
1847,893,2024-09-07,2024-09-14,Processing
1848,763,2025-07-25,2025-07-28,Processing
1849,362,2025-06-02,2025-06-07,Shipped
1850,697,2025-01-08,2025-01-11,Delivered
1851,56,2024-10-29,,Pending
1852,382,2025-10-20,2025-10-24,Shipped
1853,498,2025-04-22,,Cancelled
1854,540,2025-08-22,,Pending
1855,482,2023-02-17,,Cancelled
1856,695,2024-03-25,,Cancelled
1857,922,2024-11-24,2024-11-28,Shipped
1858,636,2025-09-26,2025-10-03,Shipped
1859,690,2025-10-04,,Pending
1860,193,2025-07-14,2025-07-15,Delivered
1861,83,2025-10-15,2025-10-17,Delivered
1862,296,2025-06-11,,Pending
1863,112,2024-10-27,2024-10-30,Processing
1864,115,2025-04-01,2025-04-05,Processing
1865,155,2025-03-20,2025-03-25,Processing
1866,975,2023-06-29,,Pending
1867,301,2025-07-03,2025-07-09,Delivered
1868,555,2025-05-19,2025-05-23,Processing
1869,356,2023-07-21,2023-07-25,Delivered
1870,756,2025-02-14,,Pending
1871,299,2025-08-12,2025-08-13,Processing
1872,23,2025-09-13,2025-09-20,Processing
1873,971,2023-04-08,,Cancelled
1874,661,2023-07-31,2023-08-04,Shipped
1875,593,2024-03-06,2024-03-12,Shipped
1876,662,2025-07-17,2025-07-21,Shipped
1877,608,2022-03-04,,Cancelled
1878,863,2024-11-23,,Cancelled
1879,456,2022-10-23,2022-10-26,Delivered
1880,581,2025-04-29,2025-05-06,Processing
1881,314,2024-09-18,2024-09-25,Processing
1882,267,2024-04-26,2024-04-30,Processing
1883,381,2024-05-16,2024-05-23,Shipped
1884,866,2025-07-05,,Pending
1885,152,2025-04-18,2025-04-21,Shipped
1886,467,2023-07-12,2023-07-17,Processing
1887,947,2023-06-08,2023-06-14,Processing
1888,549,2024-07-04,2024-07-06,Shipped
1889,997,2025-05-26,2025-06-02,Processing
1890,726,2022-12-28,2022-12-30,Processing
1891,244,2024-06-05,,Pending
1892,43,2025-10-07,2025-10-12,Shipped
1893,130,2023-12-14,2023-12-17,Delivered
1894,379,2023-11-18,2023-11-20,Processing
1895,576,2025-02-21,,Pending
1896,682,2025-07-06,2025-07-09,Shipped
1897,152,2025-05-21,2025-05-25,Shipped
1898,553,2025-08-12,2025-08-17,Processing
1899,309,2025-06-12,,Pending
1900,943,2025-03-30,,Pending
1901,415,2024-12-03,2024-12-10,Delivered
1902,149,2024-07-25,2024-07-28,Delivered
1903,160,2024-09-22,,Pending
1904,994,2025-09-15,,Cancelled
1905,1000,2025-09-05,,Cancelled
1906,340,2025-02-09,2025-02-13,Shipped
1907,918,2025-10-11,2025-10-18,Shipped
1908,588,2025-06-06,2025-06-13,Processing
1909,579,2025-06-12,2025-06-15,Delivered
1910,706,2024-05-19,,Pending
1911,750,2025-03-06,2025-03-07,Delivered
1912,143,2024-03-15,,Cancelled
1913,120,2023-03-20,2023-03-21,Shipped
1914,412,2025-09-25,,Cancelled
1915,862,2024-11-10,2024-11-14,Processing
1916,366,2023-12-28,,Pending
1917,335,2024-12-10,,Pending
1918,623,2025-08-26,2025-08-31,Processing
1919,540,2025-08-16,2025-08-23,Processing
1920,959,2025-02-21,2025-02-23,Shipped
1921,24,2024-12-22,,Pending
1922,552,2025-08-19,2025-08-25,Delivered
1923,688,2025-08-21,,Pending
1924,1000,2024-11-27,,Cancelled
1925,404,2024-09-23,2024-09-27,Processing
1926,326,2024-10-22,,Cancelled
1927,620,2025-08-16,,Cancelled
1928,967,2025-10-29,,Pending
1929,931,2025-04-01,2025-04-05,Shipped
1930,152,2025-10-26,2025-10-29,Delivered
1931,396,2024-05-02,2024-05-03,Shipped
1932,292,2025-03-25,2025-03-28,Shipped
1933,316,2023-07-05,2023-07-12,Delivered
1934,575,2025-07-30,,Pending
1935,221,2023-09-23,2023-09-29,Delivered
1936,426,2024-11-27,2024-11-30,Delivered
1937,168,2025-03-04,2025-03-10,Delivered
1938,918,2025-10-29,2025-10-31,Delivered
1939,856,2022-08-07,,Cancelled
1940,613,2025-04-26,,Pending
1941,148,2025-01-21,2025-01-24,Processing
1942,487,2022-07-08,,Cancelled
1943,344,2025-10-19,,Pending
1944,956,2025-02-17,,Cancelled
1945,775,2024-04-17,2024-04-18,Delivered
1946,7,2024-09-09,2024-09-15,Delivered
1947,937,2024-07-11,2024-07-15,Shipped
1948,180,2024-10-22,,Cancelled
1949,474,2025-02-08,,Cancelled
1950,774,2024-04-11,2024-04-13,Processing
1951,191,2025-09-02,2025-09-05,Delivered
1952,568,2025-07-22,2025-07-23,Delivered
1953,843,2023-08-31,2023-09-07,Shipped
1954,600,2024-03-31,2024-04-04,Shipped
1955,573,2025-05-25,2025-05-27,Delivered
1956,28,2023-09-13,,Pending
1957,158,2023-12-07,2023-12-10,Shipped
1958,979,2023-05-24,2023-05-25,Delivered
1959,670,2023-08-25,2023-08-29,Shipped
1960,184,2024-07-07,2024-07-13,Delivered
1961,661,2024-08-23,2024-08-24,Processing
1962,123,2024-10-21,2024-10-25,Shipped
1963,994,2025-01-25,,Pending
1964,614,2025-10-30,2025-11-04,Shipped
1965,493,2025-01-19,,Cancelled
1966,447,2022-08-14,2022-08-20,Shipped
1967,703,2024-10-08,2024-10-14,Delivered
1968,838,2025-07-17,,Pending
1969,383,2022-07-13,,Cancelled
1970,751,2025-03-23,,Cancelled
1971,18,2022-12-04,2022-12-06,Shipped
1972,596,2025-08-07,,Pending
1973,150,2025-10-20,2025-10-24,Shipped
1974,900,2025-04-25,2025-04-28,Processing
1975,168,2023-06-22,,Pending
1976,280,2024-12-13,2024-12-17,Shipped
1977,652,2023-12-29,2023-12-30,Shipped
1978,297,2025-07-08,2025-07-13,Shipped
1979,655,2024-10-10,,Pending
1980,527,2025-04-12,2025-04-19,Processing
1981,644,2025-09-16,2025-09-23,Processing
1982,97,2025-06-25,,Cancelled
1983,771,2023-07-28,2023-08-02,Processing
1984,331,2024-01-21,2024-01-28,Shipped
1985,866,2025-09-19,2025-09-22,Shipped
1986,702,2023-12-16,2023-12-17,Shipped
1987,548,2025-04-04,,Cancelled
1988,361,2025-01-31,2025-02-01,Processing
1989,141,2024-10-17,,Cancelled
1990,289,2025-05-26,2025-06-02,Shipped
1991,497,2025-10-08,2025-10-11,Delivered
1992,944,2025-04-03,2025-04-04,Processing
1993,224,2025-04-18,2025-04-23,Processing
1994,227,2025-02-02,2025-02-09,Processing
1995,919,2025-09-28,,Cancelled
1996,629,2024-11-16,,Cancelled
1997,867,2022-11-20,,Cancelled
1998,730,2024-11-04,,Cancelled
1999,720,2023-10-10,,Pending
2000,428,2024-08-10,2024-08-11,Delivered
