shipment_id,order_id,shipment_date,carrier,tracking_number,shipment_cost
1,293,2025-09-21,UPS,UP5925717841,14.74
2,1034,2024-01-02,OnTrac,ON8281800690,16.99
3,373,2025-08-10,UPS,UP5101521037,29.02
4,1262,2025-08-02,Amazon Logistics,AM3652998107,38.3
5,1023,2025-01-31,FedEx,FE3746502910,37.6
6,1799,2025-10-12,UPS,UP6928198448,14.93
7,1414,2025-10-13,USPS,US4457439848,44.93
8,1818,2025-06-24,USPS,US9363309372,48.83
9,467,2025-08-15,USPS,US3863499558,21.41
10,585,2025-01-02,FedEx,FE6349478736,47.72
11,89,2025-10-05,OnTrac,ON2034595927,8.54
12,935,2025-09-12,OnTrac,ON7567013597,23.26
13,951,2023-11-24,OnTrac,ON6442050769,43.86
14,1959,2023-10-01,OnTrac,ON8194669427,27.47
15,1165,2025-07-27,DHL,DH8025397565,47.61
16,924,2025-04-03,FedEx,FE7170090486,30.39
17,690,2025-07-21,DHL,DH4465580264,24.39
18,713,2025-10-30,FedEx,FE1339640247,20.45
19,940,2024-04-02,UPS,UP4900941556,30.77
20,1550,2025-09-27,USPS,US3182039106,41.66
21,464,2024-08-19,DHL,DH3559562347,19.54
22,945,2025-06-18,Amazon Logistics,AM6932581841,18.59
23,1142,2025-10-10,FedEx,FE4962699885,5.61
24,705,2024-11-24,FedEx,FE6324029963,39.96
25,1477,2025-08-25,UPS,UP2141151737,22.32
26,726,2025-02-09,UPS,UP9390892676,34.28
27,1469,2025-10-02,FedEx,FE4853705045,47.34
28,287,2024-12-25,USPS,US8631089815,44.88
29,537,2025-09-23,OnTrac,ON4477176497,25.38
30,1043,2023-09-03,FedEx,FE2966655877,9.69
31,1696,2025-02-15,UPS,UP9718730673,34.05
32,1845,2025-03-03,UPS,UP1717311953,46.94
33,198,2024-10-25,USPS,US2918279036,46.23
34,1411,2024-03-30,USPS,US2367241184,14.41
35,1651,2025-09-01,USPS,US6051818675,45.01
36,1291,2024-08-06,DHL,DH6410634827,42.99
37,1630,2024-05-21,OnTrac,ON3139131324,10.06
38,485,2025-03-31,OnTrac,ON5144099828,44.14
39,1686,2025-09-10,UPS,UP1633885220,45.72
40,1183,2025-01-16,DHL,DH7141694549,35.69
41,1020,2025-10-29,FedEx,FE6132396577,5.15
42,710,2025-06-01,UPS,UP8302586695,41.69
43,1123,2025-05-17,Amazon Logistics,AM1270075327,46.74
44,938,2025-08-29,USPS,US1195980587,6.14
45,374,2025-10-15,DHL,DH1549857034,18.91
46,829,2025-04-25,DHL,DH5060303335,10.4
47,69,2025-08-12,Amazon Logistics,AM2293317379,48.54
48,1734,2025-06-14,UPS,UP3981256048,27.25
49,417,2025-10-09,UPS,UP1852377009,13.92
50,1558,2025-10-06,USPS,US8625995551,12.92
51,1822,2025-05-11,UPS,UP8971223923,40.28
52,894,2025-08-08,FedEx,FE8383635018,48.49
53,908,2025-09-06,OnTrac,ON3932970953,45.93
54,365,2025-08-05,FedEx,FE8793998005,15.21
55,1542,2025-08-25,FedEx,FE1748640005,17.93
56,1213,2025-06-04,OnTrac,ON4571680419,40.18
57,566,2025-02-11,FedEx,FE6268366551,24.21
58,1296,2025-04-10,USPS,US5174677615,26.13
59,231,2024-05-03,UPS,UP2971882657,28.02
60,980,2024-03-08,Amazon Logistics,AM5121488855,39.4
61,402,2025-09-21,FedEx,FE2636953700,9.44
62,1258,2025-09-15,UPS,UP5964857307,9.49
63,1615,2025-10-29,Amazon Logistics,AM8984473676,34.98
64,1579,2025-02-13,DHL,DH8567924811,29.04
65,661,2024-06-07,DHL,DH3055040376,19.59
66,1906,2025-04-28,USPS,US1562744369,14.44
67,543,2025-10-30,OnTrac,ON5219683481,11.37
68,407,2025-10-09,OnTrac,ON3183382165,33.56
69,1907,2025-10-18,Amazon Logistics,AM6549256329,49.87
70,896,2025-07-29,Amazon Logistics,AM3431267294,37.28
71,1664,2023-09-01,OnTrac,ON1790842759,38.04
72,911,2025-04-26,DHL,DH5540467232,13.24
73,1545,2023-03-26,USPS,US6201478282,34.52
74,980,2024-03-13,FedEx,FE8396190572,43.9
75,615,2025-10-05,UPS,UP5533002422,22.86
76,1991,2025-10-18,DHL,DH2184464834,42.25
77,22,2023-08-01,DHL,DH8168310659,15.31
78,1413,2024-07-05,USPS,US4316445813,34.39
79,840,2025-06-07,FedEx,FE3834641231,14.89
80,974,2025-09-15,FedEx,FE9836173316,40.3
81,1660,2025-05-04,DHL,DH6864241036,7.85
82,1845,2024-09-29,USPS,US8691230554,7.03
83,825,2024-05-13,USPS,US3442449010,40.97
84,1570,2025-10-27,OnTrac,ON5583987616,8.89
85,1818,2025-06-11,USPS,US1309327341,30.48
86,1682,2025-07-19,USPS,US6712084529,17.22
87,1438,2025-05-17,OnTrac,ON9982168099,37.44
88,1486,2025-07-18,FedEx,FE7833012135,25.29
89,1270,2024-01-17,USPS,US4456819677,7.71
90,6,2024-06-27,FedEx,FE5372964595,12.59
91,402,2025-08-18,OnTrac,ON1064033376,33.02
92,1631,2025-06-01,DHL,DH1412720524,37.8
93,225,2025-03-13,FedEx,FE2320620839,47.34
94,1443,2025-10-26,FedEx,FE7028131205,28.94
95,1618,2025-08-22,DHL,DH2743685618,30.49
96,1335,2025-04-03,DHL,DH1926078462,12.42
97,1257,2025-04-01,DHL,DH1993529899,40.91
98,1946,2024-12-19,FedEx,FE5861265639,34.34
99,1684,2024-12-04,UPS,UP7964879797,34.19
100,1059,2025-06-06,USPS,US8271245852,14.14
101,1511,2025-10-16,UPS,UP6936637977,18.89
102,79,2025-08-07,Amazon Logistics,AM8030578839,13.18
103,305,2025-09-16,FedEx,FE1196197080,10.45
104,174,2025-09-04,USPS,US4617070731,39.86
105,1240,2025-10-18,DHL,DH8044106606,40.98
106,717,2025-08-17,DHL,DH9619516877,7.25
107,342,2024-06-16,DHL,DH7288979783,18.78
108,1384,2025-05-04,OnTrac,ON8569945568,27.34
109,762,2024-11-20,Amazon Logistics,AM5041548888,23.89
110,504,2025-06-12,DHL,DH9119749018,24.2
111,86,2025-10-24,USPS,US8979623823,6.49
112,1020,2025-10-26,FedEx,FE6811105048,36.46
113,1201,2025-09-23,FedEx,FE9751575923,38.26
114,698,2025-02-20,Amazon Logistics,AM7289563278,8.56
115,1591,2025-03-05,Amazon Logistics,AM8087013251,11.18
116,1742,2025-10-06,DHL,DH6251628992,14.26
117,1741,2025-09-20,USPS,US7844307229,37.36
118,449,2024-08-22,USPS,US2502227409,12.27
119,406,2025-09-17,DHL,DH6181319988,18.49
120,197,2025-08-08,USPS,US7932427348,46.23
121,1554,2025-10-23,Amazon Logistics,AM8573962964,32.53
122,899,2025-05-17,USPS,US2866698147,18.43
123,855,2024-03-16,USPS,US6245901617,36.91
124,1973,2025-10-30,UPS,UP5815999549,30.62
125,1511,2025-10-12,Amazon Logistics,AM3609024939,42.52
126,661,2024-09-12,USPS,US7778829853,17.83
127,1450,2025-09-02,USPS,US9061968985,16.87
128,1347,2025-10-28,OnTrac,ON1735888343,15.1
129,1487,2024-10-08,USPS,US7444616725,10.77
130,1825,2025-09-30,DHL,DH9305425360,9.49
131,399,2025-08-16,UPS,UP5154685831,49.9
132,1929,2025-06-16,Amazon Logistics,AM2913592893,7.75
133,432,2025-06-07,UPS,UP8990448505,39.28
134,1227,2024-02-18,USPS,US2493564807,17.92
135,1788,2024-04-25,DHL,DH6886441790,26.27
136,1473,2025-10-12,FedEx,FE1539709649,16.0
137,111,2025-10-25,USPS,US6602298084,46.8
138,365,2025-09-15,OnTrac,ON3623960525,30.5
139,74,2025-10-21,FedEx,FE9051524409,9.8
140,1959,2024-12-25,UPS,UP9004850270,20.0
141,988,2025-09-26,USPS,US7850067386,13.56
142,1468,2024-12-05,USPS,US8900948338,48.37
143,1407,2025-10-24,DHL,DH5590393752,36.76
144,1400,2025-10-23,USPS,US6107371396,36.31
145,997,2025-07-22,DHL,DH1950421580,8.26
146,1380,2024-05-18,Amazon Logistics,AM2593375387,44.83
147,755,2025-09-13,FedEx,FE2749751144,46.98
148,1874,2025-03-24,FedEx,FE2067991032,18.95
149,742,2025-08-22,FedEx,FE6433662484,14.36
150,260,2025-07-04,UPS,UP2293892506,34.85
151,1807,2025-10-26,Amazon Logistics,AM8121196375,40.16
152,1375,2025-09-12,UPS,UP9730249190,40.62
153,1630,2024-02-10,USPS,US4853386221,30.61
154,713,2025-10-06,DHL,DH5120004493,11.88
155,1644,2025-10-16,UPS,UP9470873397,24.72
156,726,2024-11-15,UPS,UP7295632688,13.47
157,95,2025-02-08,USPS,US2368105846,11.98
158,1367,2025-10-07,USPS,US5068404283,12.35
159,1413,2024-09-11,Amazon Logistics,AM9350791048,24.0
160,878,2025-10-17,FedEx,FE1684974506,14.05
161,1329,2024-10-24,FedEx,FE2004047906,11.13
162,332,2024-09-12,USPS,US5258488042,14.7
163,31,2025-06-01,FedEx,FE1094345687,13.88
164,1027,2025-03-28,DHL,DH2893965515,38.03
165,298,2023-10-04,OnTrac,ON9164319224,40.25
166,932,2025-08-19,UPS,UP2833384789,39.92
167,1525,2025-06-24,Amazon Logistics,AM8790343565,16.21
168,1893,2024-12-08,UPS,UP6040405160,33.88
169,528,2025-08-29,UPS,UP4880552427,45.96
170,1857,2025-03-11,Amazon Logistics,AM3094381758,15.57
171,543,2025-10-29,USPS,US1566119589,10.72
172,755,2025-10-05,DHL,DH4309584310,9.09
173,1812,2025-10-07,FedEx,FE5112911537,34.79
174,326,2025-10-29,USPS,US2603310794,24.77
175,1824,2025-10-17,DHL,DH9234930973,33.9
176,1729,2024-08-24,DHL,DH6413591995,9.76
177,1976,2025-03-30,Amazon Logistics,AM2132624359,22.38
178,1607,2025-03-02,Amazon Logistics,AM2892818922,40.49
179,1198,2025-09-18,OnTrac,ON5932073933,27.76
180,161,2023-07-17,FedEx,FE5963057354,31.95
181,1470,2025-02-07,OnTrac,ON6769180930,22.74
182,1360,2025-04-14,USPS,US8355610591,46.17
183,1829,2025-09-30,OnTrac,ON6357565508,16.21
184,468,2025-07-22,DHL,DH5039367682,40.75
185,248,2025-10-22,FedEx,FE1363080786,49.07
186,295,2025-10-29,Amazon Logistics,AM3205520418,15.61
187,896,2025-01-10,OnTrac,ON7669220569,41.33
188,1876,2025-10-27,Amazon Logistics,AM9804668445,46.23
189,185,2025-09-04,DHL,DH4672445067,43.83
190,1236,2025-06-03,USPS,US3978929005,40.91
191,566,2025-07-14,Amazon Logistics,AM5943724655,9.66
192,1552,2025-01-23,Amazon Logistics,AM2524540068,31.92
193,1857,2025-04-20,UPS,UP3121678427,12.77
194,345,2025-10-18,DHL,DH9355199361,38.68
195,627,2025-10-16,FedEx,FE7689653425,13.18
196,50,2025-10-30,USPS,US8976420044,11.73
197,277,2024-09-19,DHL,DH6051515351,35.56
198,1716,2025-10-15,USPS,US8069726553,43.25
199,482,2025-10-07,FedEx,FE9596410216,29.28
200,489,2025-08-16,FedEx,FE9487551059,18.25
201,1131,2025-08-23,UPS,UP9256853995,5.53
202,1187,2024-02-08,UPS,UP4455041287,5.46
203,953,2025-10-03,Amazon Logistics,AM8228930583,39.47
204,1711,2025-10-30,USPS,US9896472582,39.47
205,800,2025-07-23,FedEx,FE7219950362,16.58
206,1768,2025-07-28,FedEx,FE7001190085,33.56
207,527,2024-12-10,FedEx,FE6654463618,15.49
208,464,2025-04-27,DHL,DH9251842917,26.34
209,2000,2025-08-29,FedEx,FE1659754058,23.83
210,1003,2025-06-12,USPS,US3331037452,11.38
211,1513,2025-09-08,FedEx,FE9709235741,21.6
212,1829,2025-09-25,FedEx,FE2227662866,8.21
213,1945,2025-09-29,DHL,DH1937876143,11.82
214,824,2025-02-22,USPS,US2727535486,24.62
215,1185,2025-08-31,OnTrac,ON2754947472,42.2
216,1825,2025-09-09,USPS,US5097207058,6.92
217,960,2025-05-22,UPS,UP3209211183,34.08
218,1397,2025-10-09,USPS,US1417024330,14.21
219,258,2024-12-16,FedEx,FE1173720701,17.27
220,1361,2025-05-29,FedEx,FE1674455554,41.85
221,207,2023-10-12,FedEx,FE4652885723,9.25
222,432,2025-07-11,UPS,UP4794327780,37.01
223,1370,2025-07-09,FedEx,FE9030430078,29.45
224,1365,2024-06-20,DHL,DH9553143673,18.41
225,24,2025-03-21,UPS,UP6698204494,30.03
226,154,2025-09-27,DHL,DH1004123145,40.76
227,443,2023-03-05,Amazon Logistics,AM7433122359,33.72
228,1228,2025-03-24,FedEx,FE8867986271,28.44
229,1955,2025-07-09,OnTrac,ON9417116826,33.7
230,715,2025-10-20,DHL,DH8511615755,39.88
231,294,2025-07-02,Amazon Logistics,AM1555344321,18.33
232,451,2025-10-14,UPS,UP3622142013,37.17
233,1117,2025-10-16,FedEx,FE1768995333,13.7
234,43,2024-09-15,USPS,US3964287698,7.05
235,416,2025-10-30,Amazon Logistics,AM5177200371,17.66
236,1240,2025-09-29,Amazon Logistics,AM4718759226,9.05
237,1540,2025-01-01,DHL,DH8560651734,31.47
238,1490,2025-02-11,Amazon Logistics,AM3999214187,9.99
239,1395,2025-08-09,UPS,UP1244869229,44.38
240,1065,2025-10-14,DHL,DH9679857324,35.97
241,426,2025-06-26,OnTrac,ON1009152377,5.24
242,490,2024-11-09,OnTrac,ON2445946088,29.48
243,471,2025-10-27,UPS,UP5311497955,33.43
244,845,2025-04-08,FedEx,FE2160297425,44.88
245,583,2025-10-23,Amazon Logistics,AM4048500685,47.09
246,1403,2023-10-27,OnTrac,ON1268211135,25.3
247,1360,2025-02-08,OnTrac,ON2856265751,42.02
248,1911,2025-06-26,DHL,DH5009619919,43.6
249,443,2025-09-30,Amazon Logistics,AM5122045743,14.65
250,1234,2025-10-31,DHL,DH9947713046,20.13
251,278,2025-04-29,OnTrac,ON8593345998,12.97
252,1166,2024-10-31,UPS,UP6359398315,29.85
253,1957,2024-02-21,UPS,UP1319483688,11.98
254,1291,2024-05-28,FedEx,FE3614663568,9.46
255,1375,2025-10-22,Amazon Logistics,AM6256205686,45.4
256,1182,2025-09-10,OnTrac,ON4677086142,28.78
257,844,2025-07-19,OnTrac,ON4007839611,23.27
258,1230,2025-08-02,DHL,DH2656323007,34.28
259,1065,2025-07-31,OnTrac,ON8401739069,42.15
260,421,2024-05-09,UPS,UP3244750381,43.53
261,672,2025-06-20,FedEx,FE4308518686,32.95
262,1195,2025-06-18,Amazon Logistics,AM2759869561,25.73
263,1283,2025-10-29,OnTrac,ON5770287032,48.65
264,1058,2025-10-27,Amazon Logistics,AM3762744182,29.35
265,766,2025-09-26,USPS,US8132828942,13.02
266,1684,2024-07-09,UPS,UP6973394281,21.59
267,1003,2025-04-24,Amazon Logistics,AM9031063171,30.86
268,239,2023-11-06,FedEx,FE6685131324,14.19
269,1543,2024-08-27,Amazon Logistics,AM5992932347,19.68
270,1505,2025-07-19,USPS,US8177588181,33.27
271,26,2025-05-28,DHL,DH8465400975,44.9
272,1462,2025-08-06,Amazon Logistics,AM5391495878,17.07
273,1215,2025-05-05,FedEx,FE7064518450,31.56
274,780,2024-08-16,UPS,UP8578340270,30.83
275,996,2025-10-08,DHL,DH9682678771,5.17
276,1964,2025-10-30,Amazon Logistics,AM7258988525,35.87
277,1274,2025-08-05,USPS,US7696498138,35.85
278,1439,2025-10-26,USPS,US7037126743,8.39
279,1298,2025-10-29,FedEx,FE8932718217,10.06
280,1183,2025-08-04,FedEx,FE2474731513,22.94
281,1466,2025-10-17,Amazon Logistics,AM6930579497,39.94
282,1360,2025-05-17,UPS,UP6434083257,19.22
283,1990,2025-09-23,Amazon Logistics,AM8757585120,44.41
284,845,2025-02-01,FedEx,FE1134857828,22.93
285,1173,2025-10-29,UPS,UP6998813562,18.04
286,1505,2024-07-31,UPS,UP3338026463,17.18
287,645,2025-09-28,USPS,US3233741461,39.66
288,6,2024-01-15,Amazon Logistics,AM5471700951,26.71
289,1669,2024-05-23,Amazon Logistics,AM3366807148,32.85
290,1860,2025-07-18,DHL,DH5272820152,29.9
291,1049,2025-06-29,FedEx,FE1062572910,46.65
292,1142,2025-08-09,USPS,US4930747947,7.13
293,532,2025-10-20,UPS,UP8214072080,37.41
294,1929,2025-07-02,OnTrac,ON2732147710,31.65
295,1959,2025-10-18,Amazon Logistics,AM1873191606,46.0
296,918,2024-11-21,DHL,DH2257497047,30.11
297,1937,2025-05-05,Amazon Logistics,AM9549250209,24.44
298,1438,2024-08-05,UPS,UP9673710819,10.32
299,1208,2023-11-01,FedEx,FE1149977994,10.08
300,1897,2025-07-23,FedEx,FE7132039885,44.99
301,298,2024-09-18,UPS,UP6286787774,46.35
302,776,2025-10-04,USPS,US5480792737,26.78
303,1666,2025-10-25,USPS,US9395338827,30.14
304,1008,2025-06-16,USPS,US6002926903,47.3
305,960,2025-08-14,FedEx,FE1541363532,19.56
306,894,2025-07-16,Amazon Logistics,AM7860594026,44.25
307,336,2025-08-27,USPS,US9299761864,39.57
308,461,2025-06-20,FedEx,FE5328959389,15.62
309,1591,2024-12-17,OnTrac,ON8129244193,24.78
310,77,2025-08-22,USPS,US7437743422,26.62
311,980,2024-12-08,USPS,US7619334263,35.81
312,844,2024-07-24,USPS,US3565331243,32.04
313,845,2025-06-17,FedEx,FE6262297731,5.27
314,204,2025-05-09,FedEx,FE6529640931,37.79
315,551,2025-10-20,UPS,UP1242049785,38.35
316,991,2025-06-19,FedEx,FE3827858163,47.59
317,173,2025-10-30,OnTrac,ON8641316784,15.66
318,1959,2025-09-19,OnTrac,ON9460701413,27.26
319,1073,2024-07-21,USPS,US8194528779,29.94
320,430,2025-09-27,FedEx,FE2311141183,35.66
321,896,2025-07-27,FedEx,FE2342726255,23.27
322,1282,2025-10-22,USPS,US7396295242,32.67
323,1150,2025-10-26,UPS,UP5530070060,46.23
324,1354,2025-05-10,OnTrac,ON5497533469,18.88
325,237,2025-06-12,USPS,US7220129939,18.83
326,1207,2025-08-05,FedEx,FE8579267656,33.74
327,917,2025-09-06,FedEx,FE6572991131,44.32
328,1849,2025-07-19,OnTrac,ON2270436719,42.5
329,1182,2025-10-09,UPS,UP7747720341,13.97
330,737,2025-10-30,Amazon Logistics,AM1872627976,20.0
331,1254,2025-08-09,Amazon Logistics,AM3294868026,15.0
332,305,2025-10-01,Amazon Logistics,AM6230296253,8.74
333,1977,2024-01-23,UPS,UP3956573197,15.78
334,1612,2024-09-12,Amazon Logistics,AM5210798990,24.22
335,95,2025-09-03,Amazon Logistics,AM5588388195,40.75
336,1228,2025-05-29,Amazon Logistics,AM3041045082,5.43
337,1407,2025-09-26,DHL,DH6085045823,35.79
338,800,2025-09-20,FedEx,FE5819928838,36.12
339,1027,2025-03-21,USPS,US6267460413,41.55
340,1971,2023-10-03,Amazon Logistics,AM1214759279,28.03
341,258,2025-10-25,USPS,US3054567093,18.16
342,966,2025-09-07,DHL,DH9966269675,26.56
343,1876,2025-08-10,DHL,DH5009417978,31.66
344,998,2025-07-05,Amazon Logistics,AM5003521294,49.41
345,564,2025-09-29,FedEx,FE8789492851,11.14
346,1513,2025-09-11,Amazon Logistics,AM8704599167,16.79
347,888,2025-05-06,UPS,UP4394298135,36.03
348,276,2025-10-14,UPS,UP7674824067,26.59
349,1458,2025-04-06,UPS,UP8339541797,12.37
350,1776,2024-08-27,UPS,UP7537228950,45.71
351,429,2025-10-29,OnTrac,ON6561162527,17.46
352,1310,2025-05-13,Amazon Logistics,AM8405370349,31.23
353,1122,2025-10-15,FedEx,FE9060973782,42.07
354,1257,2025-10-12,USPS,US7747456639,38.94
355,309,2025-03-03,Amazon Logistics,AM4186424477,42.92
356,133,2025-10-20,FedEx,FE1616152681,24.85
357,1469,2025-01-14,DHL,DH4601723703,41.9
358,766,2025-09-11,Amazon Logistics,AM3321206093,33.77
359,1158,2025-10-14,UPS,UP2984799299,46.68
360,1897,2025-10-08,Amazon Logistics,AM7567524269,46.22
361,666,2024-08-14,USPS,US4482725370,40.55
362,2000,2024-11-14,FedEx,FE7122278538,39.22
363,404,2025-09-06,Amazon Logistics,AM9568089675,49.19
364,255,2025-10-27,UPS,UP1127495739,28.77
365,888,2025-01-14,DHL,DH9941761270,16.06
366,1258,2025-10-11,Amazon Logistics,AM5637647152,47.54
367,874,2025-10-30,Amazon Logistics,AM4526452373,38.2
368,1545,2024-07-11,OnTrac,ON5747511450,26.06
369,128,2024-11-05,USPS,US2355590047,30.21
370,1073,2024-07-19,DHL,DH3513419649,14.95
371,1984,2024-02-03,USPS,US9974034663,42.31
372,800,2025-06-16,OnTrac,ON4224910465,38.95
373,1187,2023-12-04,OnTrac,ON2367590223,10.69
374,993,2025-10-22,UPS,UP1522001184,30.91
375,1977,2025-06-10,Amazon Logistics,AM1342825256,16.19
376,1359,2024-09-10,FedEx,FE9524474461,18.83
377,1617,2025-01-16,USPS,US2501356239,15.95
378,1075,2024-11-24,UPS,UP3465172825,36.05
379,846,2024-10-13,Amazon Logistics,AM4425670637,43.5
380,1812,2025-09-17,UPS,UP5478433261,19.75
381,333,2025-09-24,USPS,US2980145442,23.02
382,893,2024-10-20,OnTrac,ON7575292711,14.25
383,1913,2024-07-04,DHL,DH2889230693,14.77
384,899,2025-08-04,Amazon Logistics,AM2053753182,20.9
385,1550,2025-08-24,UPS,UP4025007797,33.2
386,1384,2024-06-14,USPS,US2847702690,21.5
387,741,2025-09-26,DHL,DH3858984193,8.87
388,870,2025-10-19,DHL,DH8818607239,15.77
389,1246,2025-10-28,Amazon Logistics,AM6093562307,20.6
390,280,2025-07-15,UPS,UP6926328391,16.07
391,1690,2024-08-05,Amazon Logistics,AM9772845815,11.03
392,1297,2025-01-24,FedEx,FE7320202387,13.18
393,74,2025-09-05,FedEx,FE6919368238,5.21
394,627,2025-10-29,USPS,US5648042822,41.33
395,658,2025-02-09,UPS,UP8228248065,8.44
396,255,2025-09-21,Amazon Logistics,AM9369987994,33.56
397,512,2025-03-23,USPS,US9242240289,23.43
398,669,2024-01-30,UPS,UP9483904304,48.35
399,95,2024-10-07,FedEx,FE3348758451,11.09
400,539,2025-09-25,UPS,UP2134123763,26.9
401,524,2025-07-01,DHL,DH4746768335,16.85
402,662,2025-08-30,OnTrac,ON6457134733,10.22
403,1909,2025-06-15,Amazon Logistics,AM9682739123,23.53
404,115,2025-07-13,DHL,DH7422252188,16.71
405,1911,2025-06-12,OnTrac,ON9605369769,12.82
406,1291,2024-04-21,Amazon Logistics,AM9422071492,10.03
407,1778,2025-10-23,FedEx,FE8588860325,29.19
408,1165,2025-07-27,FedEx,FE8927901031,10.55
409,672,2025-10-26,FedEx,FE9681301374,48.55
410,1403,2025-10-13,Amazon Logistics,AM5231055228,40.5
411,1913,2025-08-08,DHL,DH8820108666,39.9
412,1936,2025-01-29,UPS,UP6167253991,47.62
413,1480,2025-04-25,Amazon Logistics,AM4870392014,27.83
414,513,2025-01-03,Amazon Logistics,AM7313143554,34.34
415,919,2025-01-11,Amazon Logistics,AM2005178800,23.21
416,1930,2025-10-29,DHL,DH2930618401,42.32
417,239,2025-01-30,FedEx,FE4081467801,32.23
418,1558,2025-08-16,UPS,UP2499401504,28.07
419,1601,2025-07-25,DHL,DH5163217597,13.38
420,310,2025-08-02,DHL,DH5867229859,16.9
421,420,2023-07-02,UPS,UP9262785647,8.05
422,429,2025-10-27,FedEx,FE4841584895,32.5
423,1828,2025-09-09,OnTrac,ON6824402929,25.78
424,23,2025-10-28,USPS,US8550388932,7.98
425,151,2025-01-17,OnTrac,ON8259101517,36.03
426,1776,2024-03-25,USPS,US1923810879,17.18
427,1962,2025-09-05,FedEx,FE3762722902,7.68
428,1233,2025-09-07,OnTrac,ON7941206762,9.45
429,1590,2025-06-13,FedEx,FE9384283025,6.27
430,1840,2025-03-22,OnTrac,ON7691648985,11.8
431,983,2024-03-23,USPS,US7761722734,14.21
432,443,2023-11-09,USPS,US1619132743,18.03
433,669,2024-01-24,OnTrac,ON1919058248,23.86
434,260,2025-08-15,Amazon Logistics,AM1221696347,13.66
435,970,2023-08-14,Amazon Logistics,AM2853798776,35.94
436,541,2025-10-16,UPS,UP3039641939,11.72
437,1003,2025-04-09,DHL,DH1729436734,47.04
438,374,2025-10-30,UPS,UP9726503947,20.08
439,1990,2025-08-03,FedEx,FE8742054983,37.46
440,176,2025-10-26,Amazon Logistics,AM2547867435,23.42
441,1381,2024-03-08,Amazon Logistics,AM1133905373,20.25
442,1218,2025-06-06,Amazon Logistics,AM2344275311,7.7
443,1267,2024-08-16,FedEx,FE5881494441,47.99
444,1417,2025-09-21,UPS,UP2981675903,32.69
445,225,2024-11-03,FedEx,FE9738571759,25.32
446,406,2025-08-07,UPS,UP1468826081,29.32
447,963,2025-02-16,Amazon Logistics,AM9767129684,27.92
448,192,2024-10-07,OnTrac,ON6969349809,11.41
449,295,2025-10-28,UPS,UP6385398600,44.16
450,1788,2023-03-26,USPS,US8488196081,40.66
451,1269,2025-07-15,UPS,UP3445895492,29.62
452,174,2025-06-23,DHL,DH4583010298,25.47
453,783,2025-07-14,FedEx,FE2748319358,49.25
454,355,2025-07-02,FedEx,FE8557322555,18.19
455,1976,2025-07-16,FedEx,FE6083811608,11.49
456,1619,2024-09-12,DHL,DH1066128567,20.4
457,539,2025-09-20,Amazon Logistics,AM1353399228,47.95
458,1664,2025-04-20,OnTrac,ON9663024857,17.22
459,1875,2024-05-25,DHL,DH6069326399,32.77
460,524,2025-04-09,OnTrac,ON6079363850,33.87
461,910,2025-10-27,USPS,US1405330575,46.53
462,1201,2025-08-01,DHL,DH9928819570,25.95
463,769,2025-10-25,OnTrac,ON3393118718,48.67
464,1687,2025-01-08,FedEx,FE8267264164,31.3
465,905,2025-02-28,UPS,UP2641815384,10.91
466,257,2025-01-15,Amazon Logistics,AM3866524924,19.39
467,1367,2025-08-03,Amazon Logistics,AM1390493265,41.24
468,1375,2025-09-23,DHL,DH8314839086,37.96
469,1365,2025-06-09,DHL,DH6391469277,30.02
470,1986,2024-11-07,Amazon Logistics,AM8191770328,10.71
471,1185,2025-07-16,DHL,DH5291218965,45.85
472,1279,2025-08-06,Amazon Logistics,AM6451319739,25.53
473,56,2025-05-12,Amazon Logistics,AM4217795669,24.72
474,1651,2025-10-21,Amazon Logistics,AM5193698972,48.95
475,272,2025-07-20,Amazon Logistics,AM5434678290,18.12
476,1425,2025-10-28,FedEx,FE5663278049,18.53
477,132,2025-07-30,DHL,DH5185382543,22.69
478,1840,2024-11-21,OnTrac,ON6284790737,29.31
479,1302,2024-09-15,DHL,DH6456408149,47.5
480,101,2025-10-29,Amazon Logistics,AM1677403680,15.08
481,1353,2025-08-22,DHL,DH6663176952,24.43
482,365,2025-09-02,OnTrac,ON4675130367,12.57
483,420,2025-01-14,FedEx,FE5357436824,45.62
484,7,2024-12-30,FedEx,FE4270027008,5.09
485,50,2025-10-17,UPS,UP2618787635,40.7
486,1879,2023-05-11,OnTrac,ON9564439379,25.4
487,1487,2025-08-19,UPS,UP3629320728,5.15
488,1330,2025-06-18,Amazon Logistics,AM1386466710,16.35
489,1018,2025-10-30,UPS,UP9689331536,47.97
490,237,2025-08-03,DHL,DH2009733703,35.85
491,504,2025-06-05,DHL,DH8416359231,38.3
492,1545,2024-09-19,UPS,UP2667326002,29.38
493,1850,2025-02-28,USPS,US5084320126,47.43
494,1392,2025-08-03,DHL,DH6403125657,16.02
495,132,2025-09-17,UPS,UP7507090175,35.79
496,627,2025-10-15,DHL,DH4586437898,47.89
497,206,2025-07-27,UPS,UP5660739440,9.16
498,1512,2025-06-08,Amazon Logistics,AM8068493009,36.24
499,853,2025-10-24,Amazon Logistics,AM8751796907,11.75
500,47,2025-07-15,FedEx,FE8026231388,41.22
501,1664,2023-09-04,UPS,UP5588801414,14.16
502,1931,2024-07-07,FedEx,FE6487826121,23.5
503,1142,2024-12-09,USPS,US7860052533,17.75
504,1773,2025-10-30,USPS,US9002512712,24.44
505,365,2025-08-06,OnTrac,ON1230504525,7.64
506,339,2025-01-09,USPS,US4096747609,41.46
507,1778,2025-10-10,Amazon Logistics,AM4909493291,35.99
508,374,2025-10-21,FedEx,FE3802974096,28.1
509,1493,2025-03-06,USPS,US5158155350,11.72
510,985,2025-04-03,FedEx,FE9734592066,20.6
511,176,2025-10-14,DHL,DH5878838809,15.23
512,919,2025-10-18,OnTrac,ON5170151300,23.52
513,404,2025-07-31,FedEx,FE2951778308,5.38
514,221,2025-08-16,FedEx,FE3661827204,49.66
515,1414,2025-10-25,FedEx,FE2425995983,29.7
516,1725,2025-10-27,DHL,DH5029830872,33.28
517,1976,2025-09-21,OnTrac,ON9480639850,20.57
518,47,2024-09-02,USPS,US9127170166,10.15
519,80,2025-08-24,UPS,UP1742569971,7.49
520,1075,2024-07-15,DHL,DH1101067602,8.84
521,1416,2025-08-06,FedEx,FE3243568900,25.62
522,77,2025-05-28,UPS,UP1754973803,49.26
523,310,2025-10-21,Amazon Logistics,AM2834877455,20.79
524,308,2024-10-08,UPS,UP2607439886,27.4
525,1094,2025-10-07,DHL,DH8522334977,15.1
526,1951,2025-09-20,OnTrac,ON8533026492,19.04
527,1829,2025-10-04,UPS,UP7183919686,49.44
528,1590,2025-08-31,USPS,US5150625811,9.82
529,223,2025-07-07,USPS,US2016179916,21.47
530,1816,2023-08-08,OnTrac,ON5222105511,48.38
531,789,2025-10-09,DHL,DH4630726080,16.68
532,903,2025-02-23,Amazon Logistics,AM9422871203,8.74
533,1031,2025-09-03,Amazon Logistics,AM1726179892,47.31
534,1913,2024-01-26,UPS,UP5091875722,22.74
535,12,2025-06-09,Amazon Logistics,AM8770625862,47.07
536,1761,2025-05-12,DHL,DH5091830586,43.52
537,705,2024-01-17,UPS,UP9580441802,43.35
538,1130,2025-07-16,Amazon Logistics,AM7973074025,26.3
539,203,2025-05-26,OnTrac,ON9848017137,14.35
540,41,2025-03-10,UPS,UP5005698566,41.28
541,776,2025-10-08,Amazon Logistics,AM7724309477,49.7
542,356,2025-09-01,FedEx,FE6305545090,43.88
543,527,2023-09-29,USPS,US5525381869,37.67
544,1867,2025-08-17,DHL,DH3352283837,47.64
545,373,2025-07-08,UPS,UP8031712783,42.96
546,1513,2025-09-15,OnTrac,ON8521389520,12.36
547,658,2025-01-02,Amazon Logistics,AM4374361321,5.77
548,1004,2025-07-11,OnTrac,ON8262602361,41.05
549,1611,2025-03-20,UPS,UP4291727088,9.55
550,1789,2025-10-09,Amazon Logistics,AM3364084191,28.9
551,1185,2025-07-12,FedEx,FE8166969410,15.51
552,566,2025-02-14,USPS,US8683503318,27.52
553,1282,2025-10-02,FedEx,FE4109623562,28.77
554,707,2025-09-30,Amazon Logistics,AM8736828459,29.16
555,1015,2025-07-21,DHL,DH4324869428,20.63
556,245,2025-06-05,UPS,UP5264744929,13.18
557,406,2025-03-16,USPS,US2335743785,34.54
558,710,2025-05-02,UPS,UP1800960335,43.84
559,294,2025-09-26,OnTrac,ON2724208527,18.99
560,1879,2025-02-21,Amazon Logistics,AM2820567704,42.07
561,594,2025-04-18,DHL,DH1611077723,37.11
562,1610,2025-08-29,Amazon Logistics,AM2653779563,49.44
563,506,2025-05-25,FedEx,FE4001612479,9.73
564,1142,2025-05-04,Amazon Logistics,AM1212595084,9.03
565,705,2024-05-09,UPS,UP5030218650,14.44
566,1215,2025-09-01,UPS,UP2033806651,38.76
567,1270,2023-10-27,OnTrac,ON8828160589,39.29
568,1407,2025-09-23,DHL,DH4217854003,44.81
569,1913,2023-10-27,DHL,DH5254698920,37.48
570,661,2025-10-30,UPS,UP7545029775,44.03
571,26,2025-01-02,OnTrac,ON1517459082,14.27
572,1122,2025-09-21,USPS,US6254707267,28.85
573,1778,2025-10-30,UPS,UP5392178789,46.52
574,1412,2025-10-29,Amazon Logistics,AM8890374506,28.52
575,12,2025-06-25,DHL,DH4266119897,37.18
576,1197,2025-05-16,UPS,UP9355830578,9.76
577,74,2025-09-24,Amazon Logistics,AM7938817989,48.92
578,388,2025-03-29,FedEx,FE4838658273,35.46
579,1920,2025-06-15,Amazon Logistics,AM6945082073,26.65
580,1954,2025-09-04,UPS,UP3299842617,26.83
581,569,2023-05-22,UPS,UP4707807308,45.49
582,23,2025-09-25,FedEx,FE8723506101,29.62
583,1682,2025-05-09,OnTrac,ON6806357653,44.02
584,1279,2025-07-19,UPS,UP1063266942,34.31
585,1673,2025-08-13,USPS,US4298673916,14.6
586,993,2025-09-15,FedEx,FE4540086041,22.58
587,95,2025-08-03,DHL,DH8573824182,29.82
588,1169,2025-05-18,USPS,US3027910932,22.5
589,1131,2025-10-01,OnTrac,ON8226879852,7.98
590,1552,2025-08-16,OnTrac,ON1508499097,31.01
591,932,2025-08-06,OnTrac,ON1610046667,19.48
592,1858,2025-10-25,UPS,UP8897283350,45.26
593,355,2025-06-14,DHL,DH1312242559,26.62
594,26,2025-05-25,FedEx,FE6143759997,7.09
595,1620,2024-07-27,Amazon Logistics,AM8588536155,45.18
596,393,2025-09-01,USPS,US4644428470,36.63
597,1741,2025-02-18,UPS,UP4718164083,31.0
598,730,2025-07-28,Amazon Logistics,AM8968364599,27.65
599,554,2025-05-19,UPS,UP5338857120,46.08
600,1867,2025-10-26,DHL,DH4476731220,41.63
601,811,2024-08-14,FedEx,FE1201222319,9.54
602,181,2025-10-17,DHL,DH6543950854,37.08
603,615,2025-10-17,FedEx,FE8999384161,15.47
604,1396,2023-11-28,UPS,UP1401460920,19.66
605,294,2025-07-12,USPS,US9212338132,23.93
606,1945,2025-09-05,FedEx,FE5119544555,19.4
607,624,2025-09-22,Amazon Logistics,AM6742199636,38.5
608,273,2025-10-19,FedEx,FE7411008763,41.32
609,332,2025-05-01,FedEx,FE7838770471,39.43
610,1274,2025-07-11,Amazon Logistics,AM5717859996,21.3
611,388,2025-04-23,DHL,DH3746596425,39.31
612,1498,2025-10-21,DHL,DH1690528328,38.05
613,48,2025-08-17,FedEx,FE6552184869,39.13
614,940,2025-10-12,USPS,US7281716024,11.36
615,918,2025-07-06,UPS,UP2896412521,6.23
616,507,2025-02-01,UPS,UP2992200279,21.27
617,667,2025-08-06,OnTrac,ON4232557668,26.65
618,1825,2025-08-31,UPS,UP1929916407,26.9
619,784,2024-09-13,FedEx,FE3276660290,39.93
620,1130,2025-09-22,USPS,US4527619641,42.82
621,1283,2025-10-30,USPS,US8325830467,35.23
622,972,2025-02-03,UPS,UP6036958650,16.68
623,1901,2025-04-24,DHL,DH2936464400,29.98
624,769,2025-10-30,UPS,UP7222097130,24.29
625,335,2025-04-01,UPS,UP9127658647,35.74
626,350,2025-10-13,DHL,DH5061301320,43.69
627,1778,2025-10-09,FedEx,FE9345461315,14.37
628,1393,2024-10-05,DHL,DH7338890656,36.12
629,918,2024-11-09,Amazon Logistics,AM1538504511,45.19
630,1109,2025-08-11,OnTrac,ON5518813344,45.32
631,1739,2025-08-31,UPS,UP8719478317,28.27
632,1335,2025-06-06,DHL,DH2003974175,7.59
633,870,2025-10-21,USPS,US4338996827,16.69
634,897,2025-04-21,UPS,UP5916836707,14.0
635,1056,2024-10-21,OnTrac,ON9181077260,31.83
636,1151,2024-07-21,DHL,DH9381820819,39.94
637,803,2025-10-24,FedEx,FE8464080404,23.52
638,154,2025-09-05,OnTrac,ON7285140889,36.98
639,894,2025-08-12,USPS,US5976944609,43.27
640,1474,2024-06-10,OnTrac,ON4705075086,15.86
641,1964,2025-10-30,Amazon Logistics,AM2115282646,43.03
642,1222,2025-08-03,FedEx,FE8989985174,38.73
643,317,2024-11-08,DHL,DH4129496660,13.11
644,1778,2025-10-28,FedEx,FE3763660892,26.7
645,257,2025-05-02,UPS,UP8885201792,42.36
646,1630,2025-02-10,DHL,DH3112349971,24.03
647,152,2025-10-28,USPS,US2597508443,18.0
648,1400,2025-10-28,DHL,DH1999391477,21.87
649,254,2025-07-25,DHL,DH1033774017,31.3
650,449,2025-03-15,FedEx,FE3360484174,9.3
651,672,2025-07-24,FedEx,FE8209567608,17.09
652,196,2025-06-11,UPS,UP5601854998,25.9
653,1922,2025-09-25,UPS,UP4958203860,41.28
654,203,2025-05-03,DHL,DH4967909438,25.05
655,1959,2025-02-19,UPS,UP9109638107,35.84
656,83,2025-10-30,USPS,US3505265275,14.39
657,1046,2025-07-01,DHL,DH6083264777,46.26
658,957,2025-10-20,Amazon Logistics,AM8766760796,12.2
659,710,2025-02-26,DHL,DH3384596013,29.3
660,1417,2025-09-12,UPS,UP8479397526,39.03
661,842,2024-05-23,USPS,US1261415673,44.64
662,1542,2025-09-07,OnTrac,ON2396079090,36.45
663,552,2023-09-11,OnTrac,ON3597215154,10.72
664,1764,2025-07-23,FedEx,FE3118519630,29.34
665,221,2025-08-13,FedEx,FE2664801050,20.66
666,128,2025-04-17,USPS,US2843563009,10.64
667,1099,2025-10-23,OnTrac,ON7097914256,22.78
668,857,2025-05-20,FedEx,FE8063165090,21.02
669,513,2025-02-13,Amazon Logistics,AM7396288520,33.05
670,1570,2025-08-24,Amazon Logistics,AM2604749040,25.37
671,6,2024-04-19,Amazon Logistics,AM7162629786,41.72
672,1056,2025-01-04,OnTrac,ON4741076839,12.63
673,1385,2025-08-08,UPS,UP4961532048,30.43
674,430,2025-09-17,Amazon Logistics,AM1199533307,13.38
675,196,2025-10-05,USPS,US9351548768,44.7
676,591,2025-08-16,Amazon Logistics,AM5434873419,16.66
677,1444,2025-09-09,UPS,UP3511617773,12.8
678,393,2025-09-05,USPS,US5110792290,16.13
679,432,2024-12-24,UPS,UP5112020972,16.01
680,169,2025-06-04,UPS,UP6718253957,43.41
681,156,2025-10-30,UPS,UP4132686469,49.52
682,717,2025-07-16,USPS,US1143410027,43.49
683,1463,2024-10-29,Amazon Logistics,AM4364538913,33.07
684,1909,2025-06-29,FedEx,FE5991616188,43.24
685,991,2025-07-31,FedEx,FE7837998103,10.95
686,1368,2025-10-26,UPS,UP3770724107,10.51
687,1978,2025-09-23,USPS,US8527611302,9.07
688,1462,2025-04-10,UPS,UP7865265762,19.09
689,1529,2025-06-16,Amazon Logistics,AM3640494685,47.81
690,293,2025-07-14,FedEx,FE7427044790,13.91
691,1229,2025-05-25,DHL,DH6891386279,12.2
692,41,2025-10-20,DHL,DH9988966037,14.14
693,1146,2025-10-04,USPS,US4422358182,31.37
694,453,2025-09-07,DHL,DH2917009491,36.63
695,248,2025-10-16,DHL,DH2599347213,37.51
696,314,2025-07-17,DHL,DH6472086746,19.33
697,1670,2025-10-30,Amazon Logistics,AM7007120883,22.24
698,345,2025-10-29,OnTrac,ON7961329511,10.42
699,1936,2025-02-15,FedEx,FE1113600611,30.7
700,402,2025-08-28,OnTrac,ON6448508300,44.36
701,687,2024-04-26,UPS,UP1820561513,36.73
702,160,2025-10-20,USPS,US3968179935,43.7
703,913,2025-07-21,UPS,UP2364919386,17.19
704,1818,2025-08-08,FedEx,FE3748123067,18.48
705,1669,2024-10-10,UPS,UP7191696152,46.28
706,1182,2024-10-18,OnTrac,ON5894791950,25.98
707,309,2025-08-31,USPS,US1563896125,48.68
708,1280,2025-07-21,Amazon Logistics,AM8810992929,33.27
709,1684,2024-09-27,USPS,US5326851671,39.72
710,1233,2025-06-23,DHL,DH5472982281,27.17
711,970,2023-03-31,Amazon Logistics,AM7692375192,20.94
712,918,2025-10-10,Amazon Logistics,AM5049106328,12.47
713,1195,2025-02-25,OnTrac,ON7155937965,7.58
714,1329,2024-10-19,USPS,US8622869139,36.48
715,1789,2025-09-15,DHL,DH5874683426,40.48
716,47,2024-08-17,OnTrac,ON7476447244,22.91
717,308,2024-10-12,OnTrac,ON6017731924,18.73
718,543,2025-10-29,OnTrac,ON9052616591,38.17
719,203,2024-05-12,Amazon Logistics,AM2682725757,30.0
720,431,2025-10-13,FedEx,FE9029769425,5.39
721,257,2024-11-29,Amazon Logistics,AM6082453991,37.82
722,1660,2025-09-28,OnTrac,ON2742618570,39.06
723,769,2025-10-19,DHL,DH2766043988,31.5
724,641,2025-04-14,FedEx,FE3775060322,9.08
725,428,2025-03-14,FedEx,FE2174789396,17.94
726,1445,2025-10-29,FedEx,FE3551303563,40.46
727,1514,2025-09-03,OnTrac,ON8108704549,22.75
728,1739,2024-12-26,DHL,DH1170756966,23.45
729,6,2024-03-18,USPS,US9125455827,42.26
730,137,2025-05-23,Amazon Logistics,AM6846766925,13.74
731,169,2025-05-03,DHL,DH8885361853,34.12
732,48,2025-08-21,OnTrac,ON1321569274,38.18
733,208,2024-12-16,Amazon Logistics,AM1943200696,21.68
734,501,2025-07-27,Amazon Logistics,AM3659387720,11.05
735,765,2025-10-12,DHL,DH1402207158,47.73
736,556,2025-09-23,DHL,DH4660076515,36.27
737,1058,2025-10-26,UPS,UP5911579270,26.86
738,95,2024-11-25,USPS,US7012843640,23.01
739,1716,2025-06-23,OnTrac,ON4610104399,26.33
740,1117,2025-09-18,FedEx,FE6973965856,14.83
741,1347,2025-10-23,OnTrac,ON9329629303,5.46
742,1444,2025-09-01,USPS,US6275375921,12.81
743,690,2025-10-19,DHL,DH5682080072,42.18
744,1652,2023-09-01,FedEx,FE4682460683,35.3
745,513,2025-08-23,FedEx,FE8672962113,10.16
746,1611,2024-04-22,Amazon Logistics,AM6407257355,37.06
747,1116,2024-04-16,USPS,US5720777989,20.7
748,728,2025-07-09,UPS,UP6139475525,13.04
749,1201,2025-08-16,OnTrac,ON9137930866,28.55
750,1222,2025-06-28,DHL,DH4230038174,23.99
751,1738,2024-01-03,FedEx,FE8688159429,32.2
752,451,2025-03-02,Amazon Logistics,AM5186210352,41.85
753,1084,2025-04-29,UPS,UP7328125246,43.63
754,248,2025-10-18,Amazon Logistics,AM7659256649,5.89
755,220,2023-07-29,DHL,DH3425075705,12.76
756,1758,2025-09-29,FedEx,FE6019528646,30.22
757,1139,2025-03-27,USPS,US2148126752,39.59
758,426,2025-07-20,FedEx,FE6448888582,24.28
759,873,2023-12-25,FedEx,FE6392453535,30.66
760,32,2025-10-13,FedEx,FE7597354158,38.54
761,961,2025-10-24,FedEx,FE3438768221,17.64
762,1195,2025-06-08,FedEx,FE8327634322,7.84
763,36,2025-10-30,UPS,UP7853136241,15.22
764,876,2025-07-13,OnTrac,ON9098746608,26.68
765,681,2024-08-18,FedEx,FE5687399535,37.68
766,583,2025-10-15,USPS,US3591608557,42.59
767,83,2025-09-16,Amazon Logistics,AM4354423274,26.46
768,196,2025-05-30,USPS,US8181020508,7.25
769,1254,2025-07-01,OnTrac,ON8022662403,38.17
770,743,2025-09-02,FedEx,FE7539303689,17.41
771,1172,2023-08-28,UPS,UP2611370734,29.4
772,1158,2025-10-20,OnTrac,ON7080118015,45.32
773,1195,2025-09-27,FedEx,FE6299302677,29.91
774,1964,2025-10-30,UPS,UP3980736621,28.38
775,1319,2025-10-15,OnTrac,ON1256884011,25.38
776,1742,2025-08-22,FedEx,FE1472431576,39.97
777,788,2025-07-03,USPS,US9766069895,25.45
778,1416,2025-07-14,DHL,DH5382730084,48.93
779,930,2025-08-12,DHL,DH2839984083,20.19
780,94,2025-04-05,FedEx,FE4031765433,24.99
781,1073,2025-06-23,Amazon Logistics,AM3186980398,14.51
782,996,2025-10-29,DHL,DH8063555243,34.96
783,51,2025-04-04,DHL,DH4885929843,29.66
784,333,2025-05-21,FedEx,FE4156352400,23.93
785,1215,2025-07-31,Amazon Logistics,AM8053938684,39.92
786,1540,2025-03-05,UPS,UP7145702684,14.81
787,1929,2025-04-16,USPS,US5495502901,26.18
788,513,2024-07-02,Amazon Logistics,AM2781166078,18.71
789,428,2025-05-13,OnTrac,ON8541700116,49.43
790,56,2025-07-27,OnTrac,ON8919209399,40.95
791,1601,2025-08-29,USPS,US4642821732,42.97
792,1601,2025-08-17,USPS,US3452433662,11.25
793,293,2025-07-19,OnTrac,ON2955976516,16.81
794,1415,2025-08-30,DHL,DH4284972830,29.53
795,1009,2025-08-21,OnTrac,ON8401467732,6.34
796,985,2024-08-31,FedEx,FE5594447367,39.34
797,1458,2025-07-24,OnTrac,ON5358661821,13.62
798,1463,2025-06-13,Amazon Logistics,AM9933927613,49.78
799,1367,2025-10-21,FedEx,FE3106844931,30.28
800,1056,2024-08-22,OnTrac,ON4454368422,25.86
801,1172,2024-05-04,OnTrac,ON9616029981,24.03
802,788,2025-09-11,Amazon Logistics,AM2127061808,23.24
803,741,2024-12-18,FedEx,FE1129738207,37.31
804,1482,2025-08-24,Amazon Logistics,AM3855588461,48.76
805,221,2025-07-30,OnTrac,ON4311775041,48.09
806,772,2025-07-01,OnTrac,ON1082797040,17.7
807,1954,2024-05-28,Amazon Logistics,AM7092612073,6.21
808,963,2025-05-11,Amazon Logistics,AM1771514551,32.76
809,1370,2025-09-12,DHL,DH1815403500,21.55
810,1515,2025-10-30,Amazon Logistics,AM9587096470,15.44
811,1307,2025-02-18,OnTrac,ON8626890274,34.64
812,616,2025-10-17,UPS,UP3995201670,40.23
813,1739,2024-11-29,OnTrac,ON5618570260,37.61
814,276,2025-10-13,DHL,DH5318934866,33.53
815,1608,2024-06-06,USPS,US3848953532,35.5
816,893,2024-07-18,OnTrac,ON4956260090,9.63
817,1630,2023-12-07,USPS,US3194737792,19.79
818,499,2025-04-14,DHL,DH4327357022,10.15
819,147,2025-08-07,Amazon Logistics,AM5197585518,23.55
820,765,2025-10-27,UPS,UP1205832445,6.4
821,1577,2025-07-19,Amazon Logistics,AM9724991864,33.83
822,168,2025-09-30,DHL,DH5979301743,11.76
823,418,2025-07-20,Amazon Logistics,AM9357444493,29.76
824,1630,2024-09-22,USPS,US8872346835,42.91
825,845,2025-05-29,UPS,UP5377604860,11.63
826,1296,2025-07-03,OnTrac,ON3426428467,33.87
827,1195,2025-02-24,OnTrac,ON2183736293,8.39
828,1373,2024-08-26,UPS,UP9136155213,43.64
829,430,2025-09-03,DHL,DH7039344694,10.96
830,1411,2025-10-08,UPS,UP3277980977,42.83
831,594,2025-02-27,Amazon Logistics,AM5810564767,7.56
832,1913,2025-06-27,FedEx,FE2809380515,35.26
833,668,2025-10-29,USPS,US2156735622,19.67
834,1491,2025-09-08,DHL,DH6381945214,49.92
835,1694,2025-10-11,DHL,DH4865428738,8.66
836,32,2025-10-03,OnTrac,ON8500639276,41.47
837,1651,2025-10-20,FedEx,FE2281002335,34.59
838,951,2024-12-10,FedEx,FE9669680778,9.05
839,390,2023-10-14,FedEx,FE7264335871,16.19
840,460,2025-07-08,Amazon Logistics,AM9201122737,30.64
841,1015,2025-09-29,OnTrac,ON1252538798,32.45
842,1620,2025-01-21,DHL,DH1003303523,46.32
843,743,2025-08-02,FedEx,FE6907438144,10.98
844,1935,2024-08-27,OnTrac,ON2324304600,20.84
845,556,2025-03-03,OnTrac,ON8576744440,16.51
846,1906,2025-09-14,UPS,UP8796020741,40.54
847,1959,2024-03-30,USPS,US3919159013,48.69
848,1004,2024-01-01,OnTrac,ON1630802706,20.85
849,1812,2025-08-25,Amazon Logistics,AM3140667400,28.3
850,707,2025-09-21,OnTrac,ON7013236576,11.85
851,493,2025-09-26,FedEx,FE6286336299,6.73
852,1013,2025-03-16,DHL,DH7566745538,17.77
853,185,2025-08-21,FedEx,FE8802222979,48.55
854,1669,2025-01-09,FedEx,FE2101969620,32.22
855,978,2025-08-16,FedEx,FE3662375512,5.5
856,1051,2025-05-21,DHL,DH7800680768,12.96
857,895,2025-08-08,DHL,DH4526687645,31.46
858,1860,2025-08-29,Amazon Logistics,AM2064930043,19.43
859,1403,2023-05-06,OnTrac,ON9471984114,30.02
860,1187,2025-10-20,OnTrac,ON7422832448,32.49
861,949,2025-02-07,DHL,DH5348041517,10.46
862,652,2025-07-26,Amazon Logistics,AM1741597322,28.55
863,641,2025-06-09,Amazon Logistics,AM4492231351,9.3
864,499,2025-10-26,Amazon Logistics,AM1363516573,49.6
865,1013,2025-08-31,UPS,UP1125975547,45.36
866,737,2025-10-30,USPS,US9803267103,49.05
867,1761,2025-10-01,DHL,DH9289056003,11.61
868,1543,2024-08-29,OnTrac,ON8698339953,38.35
869,1656,2025-09-27,FedEx,FE4663207977,44.18
870,1845,2025-09-14,Amazon Logistics,AM1303727064,18.52
871,43,2024-05-18,FedEx,FE7764194607,19.46
872,1591,2024-07-18,Amazon Logistics,AM3018966707,6.49
873,1533,2024-03-25,Amazon Logistics,AM8178444361,18.37
874,1876,2025-08-01,OnTrac,ON5876644672,45.89
875,853,2025-09-16,Amazon Logistics,AM3787281376,7.5
876,460,2025-07-18,FedEx,FE1996980049,30.66
877,1236,2025-06-28,DHL,DH9346312079,30.14
878,1554,2025-09-13,DHL,DH4506644922,34.21
879,940,2024-05-02,DHL,DH3293289689,44.57
880,217,2025-08-11,DHL,DH8124842881,16.07
881,8,2023-10-25,DHL,DH7939322905,23.41
882,1347,2025-10-21,DHL,DH7751134315,49.02
883,376,2025-01-25,OnTrac,ON8607435146,43.23
884,22,2024-04-20,USPS,US9329558711,27.08
885,296,2025-10-25,OnTrac,ON5996622346,15.15
886,184,2025-09-20,OnTrac,ON6128926096,34.72
887,811,2025-07-17,DHL,DH1416324649,7.33
888,1256,2025-05-14,DHL,DH1728247218,27.33
889,903,2025-02-18,UPS,UP6264580840,8.88
890,1451,2025-08-09,OnTrac,ON1193224162,36.28
891,1555,2025-07-23,OnTrac,ON9894802782,13.92
892,1234,2025-10-31,FedEx,FE6196769550,6.81
893,765,2025-09-15,OnTrac,ON9574071063,17.38
894,1150,2023-10-14,USPS,US6458618273,24.41
895,1135,2025-09-07,OnTrac,ON6263450887,49.39
896,19,2023-11-12,OnTrac,ON8889600175,23.61
897,193,2025-10-28,Amazon Logistics,AM2534505607,26.75
898,592,2025-09-14,OnTrac,ON2490840217,17.06
899,972,2025-08-26,FedEx,FE9467959811,6.67
900,185,2025-10-20,Amazon Logistics,AM8708546563,27.9
901,894,2025-08-05,USPS,US9929467742,38.15
902,241,2025-07-03,USPS,US7235827508,17.21
903,1552,2025-03-31,DHL,DH8168630650,16.2
904,1669,2025-10-23,UPS,UP9254177666,7.11
905,1258,2025-08-20,DHL,DH1011565670,17.83
906,1475,2024-06-09,FedEx,FE4440953395,37.26
907,825,2024-11-19,USPS,US4269069294,32.19
908,1978,2025-08-29,OnTrac,ON3344758807,13.02
909,1373,2025-08-28,UPS,UP3924755144,31.49
910,991,2025-05-24,FedEx,FE1171393180,28.12
911,1384,2024-12-28,Amazon Logistics,AM9368828180,33.28
912,1739,2025-03-07,OnTrac,ON9680308246,25.02
913,1375,2025-10-22,UPS,UP5945877165,19.48
914,1516,2024-12-15,OnTrac,ON2451467626,48.69
915,970,2023-02-09,USPS,US8267295924,36.92
916,515,2025-04-23,FedEx,FE4102576612,20.41
917,1054,2025-10-11,FedEx,FE1859369445,46.96
918,1513,2025-10-30,DHL,DH6583376103,43.25
919,1283,2025-10-30,Amazon Logistics,AM4865482211,39.29
920,1110,2025-08-15,DHL,DH9772777791,37.39
921,1513,2025-08-09,Amazon Logistics,AM5161055565,31.85
922,108,2024-06-22,OnTrac,ON4073644925,31.98
923,1540,2025-02-10,UPS,UP1955019735,9.13
924,1696,2025-03-14,FedEx,FE8777141549,22.04
925,242,2025-08-08,USPS,US7601853764,29.91
926,1415,2025-09-16,UPS,UP2472788214,41.02
927,596,2024-07-15,FedEx,FE3826688042,10.01
928,1647,2025-10-12,DHL,DH5433903275,49.74
929,1711,2025-10-30,OnTrac,ON5242519385,11.6
930,803,2025-07-12,FedEx,FE5325076856,26.48
931,701,2024-08-24,USPS,US8349411177,18.33
932,1830,2023-09-21,OnTrac,ON4318186851,46.33
933,490,2022-11-26,UPS,UP5567798337,22.57
934,185,2025-08-25,Amazon Logistics,AM7752955351,37.81
935,1454,2025-08-14,USPS,US8699468333,41.18
936,1023,2025-06-04,FedEx,FE9043527193,13.09
937,845,2025-10-11,OnTrac,ON5306890260,15.44
938,38,2025-07-23,FedEx,FE8512070909,8.32
939,1361,2025-06-10,USPS,US1070625927,21.83
940,1407,2025-09-08,DHL,DH1025502063,45.81
941,1319,2025-10-11,DHL,DH5502923968,46.77
942,137,2025-03-17,DHL,DH2015777089,22.83
943,592,2023-11-08,DHL,DH4561537381,21.69
944,316,2025-06-24,OnTrac,ON3753379182,34.11
945,1094,2025-10-25,USPS,US4596690169,33.07
946,1475,2024-07-05,UPS,UP9778061621,10.32
947,417,2025-09-30,UPS,UP1123748717,21.42
948,53,2025-10-14,Amazon Logistics,AM6421504228,12.11
949,499,2025-04-24,DHL,DH8546155028,30.58
950,1742,2025-03-03,Amazon Logistics,AM2574827487,43.59
951,1450,2025-10-30,OnTrac,ON4540684408,48.61
952,108,2025-02-15,UPS,UP7586101102,6.93
953,1185,2025-08-02,USPS,US9364544838,47.05
954,1656,2024-10-30,USPS,US5088032678,6.97
955,726,2025-10-23,OnTrac,ON7893314708,36.21
956,853,2025-10-11,FedEx,FE3206731507,10.6
957,42,2024-08-13,OnTrac,ON3409733535,37.33
958,1491,2025-03-30,DHL,DH6202757478,44.88
959,716,2025-06-25,USPS,US2744377086,44.01
960,1494,2025-10-17,OnTrac,ON2593410040,10.55
961,1543,2025-01-24,DHL,DH5519735517,36.47
962,963,2025-04-27,UPS,UP8780838551,9.61
963,1059,2024-09-13,FedEx,FE2817016800,25.14
964,755,2025-09-26,DHL,DH9252803590,5.72
965,490,2025-01-06,USPS,US5565068460,27.68
966,69,2025-06-26,UPS,UP1018760548,24.85
967,1690,2025-02-27,OnTrac,ON5682227896,27.37
968,239,2023-05-18,USPS,US2817830936,20.61
969,1124,2025-07-18,Amazon Logistics,AM5560561097,10.8
970,654,2025-06-30,USPS,US1322351541,16.04
971,845,2025-02-11,USPS,US2139662215,36.93
972,668,2025-10-29,OnTrac,ON8496167501,14.62
973,1694,2025-10-29,USPS,US5528674657,37.52
974,303,2025-03-04,Amazon Logistics,AM7003761377,48.4
975,769,2025-10-24,OnTrac,ON6217560973,19.85
976,303,2025-09-18,Amazon Logistics,AM2009538345,44.65
977,1802,2025-10-12,Amazon Logistics,AM7420530086,33.22
978,1413,2023-07-04,DHL,DH5101030554,21.84
979,1197,2024-10-18,UPS,UP4315700753,48.68
980,1885,2025-09-08,OnTrac,ON4139778173,29.39
981,615,2025-10-24,UPS,UP1797182818,6.15
982,920,2024-08-01,DHL,DH3099675984,14.77
983,350,2025-10-26,OnTrac,ON8295444135,14.57
984,1697,2025-09-03,FedEx,FE7033881481,16.66
985,466,2023-09-15,Amazon Logistics,AM4958067417,19.5
986,1932,2025-10-28,FedEx,FE8797414992,47.06
987,1181,2025-04-11,DHL,DH6097403182,12.44
988,1212,2025-10-23,FedEx,FE4045598335,15.07
989,1361,2025-09-27,USPS,US3799054080,7.1
990,592,2023-12-05,OnTrac,ON1783234071,30.89
991,641,2025-09-12,OnTrac,ON5258783535,7.94
992,1543,2025-08-13,FedEx,FE4428999893,28.23
993,743,2025-09-29,FedEx,FE6570239455,34.69
994,1513,2025-10-05,Amazon Logistics,AM3256022785,45.03
995,26,2025-09-14,OnTrac,ON7370602194,41.89
996,208,2025-07-12,USPS,US8914512885,36.05
997,309,2025-06-05,DHL,DH9272024952,19.56
998,1436,2025-07-31,OnTrac,ON1298242731,29.8
999,555,2025-10-22,UPS,UP1126505935,37.25
1000,988,2025-08-29,USPS,US5229174084,14.6
1001,388,2025-06-06,FedEx,FE4346134380,46.11
1002,1262,2025-03-13,DHL,DH7302604314,14.83
1003,192,2024-05-29,DHL,DH5123557222,47.97
1004,1009,2025-07-27,USPS,US8430779852,6.27
1005,1131,2025-08-22,UPS,UP2552657410,15.71
1006,89,2025-06-04,USPS,US7933634881,12.63
1007,1283,2025-10-29,USPS,US2235507242,37.76
1008,95,2025-04-16,OnTrac,ON8336059438,37.76
1009,326,2025-04-29,DHL,DH2160709065,35.39
1010,1115,2025-10-29,DHL,DH6012246059,25.4
1011,339,2025-07-12,USPS,US9271877370,42.37
1012,40,2025-07-28,UPS,UP2738765844,41.22
1013,1658,2025-03-13,USPS,US9348715238,44.74
1014,666,2025-10-11,DHL,DH4130724105,17.72
1015,1146,2025-08-31,USPS,US3517700971,9.7
1016,549,2024-11-24,Amazon Logistics,AM4391278116,16.6
1017,1778,2025-10-19,Amazon Logistics,AM2835021905,31.52
1018,1554,2025-10-20,USPS,US8790502024,5.64
1019,715,2025-06-19,Amazon Logistics,AM3842576217,11.43
1020,1051,2025-10-08,DHL,DH2273882372,10.74
1021,1885,2025-08-25,FedEx,FE2636408399,10.88
1022,393,2025-10-28,OnTrac,ON9910467285,44.02
1023,254,2024-10-27,USPS,US7940314306,30.31
1024,881,2025-05-15,FedEx,FE2080089065,5.18
1025,184,2025-10-07,FedEx,FE8237260394,24.66
1026,1761,2025-08-17,FedEx,FE9226667183,47.26
1027,769,2025-10-25,FedEx,FE5989100178,22.9
1028,1182,2024-12-06,OnTrac,ON3111814708,43.13
1029,1953,2024-06-10,Amazon Logistics,AM3260679659,45.9
1030,314,2025-02-16,FedEx,FE8082107065,7.6
1031,1651,2025-10-02,Amazon Logistics,AM2246069247,22.46
1032,130,2025-04-24,DHL,DH3995861929,49.44
1033,499,2025-09-18,OnTrac,ON8401674542,30.9
1034,940,2024-04-05,DHL,DH6609001134,38.64
1035,1450,2025-10-16,Amazon Logistics,AM6458983423,6.1
1036,1690,2024-08-02,USPS,US7508223624,35.9
1037,1566,2024-10-14,USPS,US8717110306,13.68
1038,1689,2025-08-22,Amazon Logistics,AM9239159277,11.94
1039,993,2025-09-04,UPS,UP3332181197,30.83
1040,344,2025-09-05,DHL,DH5654344473,23.03
1041,23,2025-08-04,UPS,UP7093247190,21.03
1042,825,2023-12-24,OnTrac,ON7470657814,47.8
1043,855,2024-08-19,DHL,DH7006929305,19.75
1044,1920,2025-10-18,USPS,US9110906107,20.84
1045,431,2024-11-01,USPS,US7314719869,17.36
1046,23,2025-08-29,UPS,UP7212287202,28.45
1047,1048,2025-03-02,Amazon Logistics,AM4675788083,18.1
1048,152,2025-10-29,USPS,US5601160289,22.22
1049,654,2025-02-19,USPS,US1457462888,12.88
1050,658,2025-04-03,USPS,US2116743502,39.64
1051,1477,2025-09-17,Amazon Logistics,AM2271766046,11.47
1052,504,2025-07-15,FedEx,FE7568223339,46.05
1053,1075,2025-10-08,UPS,UP9769878938,7.86
1054,49,2024-09-07,FedEx,FE2753245431,7.05
1055,1558,2025-06-08,USPS,US2150111350,46.23
1056,1307,2025-09-19,OnTrac,ON2766143133,12.8
1057,1739,2023-08-15,USPS,US4141004153,29.33
1058,1858,2025-10-10,Amazon Logistics,AM1959232992,49.24
1059,1957,2025-10-16,USPS,US4207084654,14.57
1060,1672,2023-06-04,Amazon Logistics,AM9641972357,39.66
1061,1602,2025-09-27,UPS,UP3091557458,42.83
1062,874,2025-10-28,FedEx,FE7679699241,9.93
1063,928,2025-05-13,DHL,DH7912289827,28.7
1064,765,2025-09-11,USPS,US4927202015,25.88
1065,911,2025-03-28,DHL,DH7408705307,49.45
1066,40,2025-09-09,Amazon Logistics,AM6677380135,33.81
1067,563,2025-04-06,Amazon Logistics,AM1193949527,34.6
1068,1110,2024-11-25,UPS,UP7944924553,17.16
1069,1630,2023-10-20,UPS,UP4442119003,48.63
1070,911,2025-08-18,Amazon Logistics,AM4275798639,19.95
1071,713,2025-10-14,Amazon Logistics,AM5370396525,13.6
1072,795,2023-03-08,FedEx,FE1175531122,9.34
1073,1879,2023-12-02,DHL,DH8151068566,26.2
1074,1359,2024-12-02,DHL,DH7271837118,32.43
1075,278,2023-10-19,OnTrac,ON2326125133,28.11
1076,1073,2025-10-03,OnTrac,ON1682757684,5.17
1077,1333,2025-10-31,OnTrac,ON7899323131,40.4
1078,1329,2025-09-29,DHL,DH2187359637,30.67
1079,402,2025-07-29,FedEx,FE1943961216,48.7
1080,1094,2025-10-26,UPS,UP7651341812,37.24
1081,1911,2025-06-06,USPS,US6006842444,23.9
1082,1229,2025-08-27,USPS,US1901028161,43.22
1083,1135,2025-06-15,FedEx,FE4005591724,22.28
1084,458,2025-05-02,Amazon Logistics,AM5666274814,9.15
1085,1355,2025-08-02,UPS,UP3150287127,18.27
1086,360,2025-06-23,DHL,DH8831137131,41.98
1087,1417,2025-09-18,USPS,US4590487682,47.01
1088,376,2024-06-15,FedEx,FE5868420839,37.62
1089,554,2025-05-03,OnTrac,ON3034771635,25.26
1090,1282,2025-10-08,Amazon Logistics,AM1735568174,26.22
1091,1444,2025-07-29,UPS,UP9744173587,41.56
1092,1932,2025-08-01,DHL,DH8034135302,7.5
1093,1400,2025-10-28,USPS,US8773546379,49.3
1094,1463,2025-07-15,USPS,US8315475828,8.18
1095,1986,2025-09-21,DHL,DH7101942794,19.13
1096,506,2025-09-16,Amazon Logistics,AM3254133368,49.5
1097,1384,2024-06-19,Amazon Logistics,AM6197472816,28.14
1098,910,2025-10-17,Amazon Logistics,AM5573289604,27.24
1099,154,2025-09-03,Amazon Logistics,AM7790475966,21.63
1100,1524,2025-01-09,OnTrac,ON7988717155,12.54
1101,1396,2023-11-21,FedEx,FE7466193325,29.77
1102,1131,2025-08-26,DHL,DH9662494535,26.55
1103,198,2025-05-19,FedEx,FE1467181597,10.15
1104,1581,2024-07-17,OnTrac,ON3588264313,33.44
1105,867,2025-09-01,OnTrac,ON9968818406,44.53
1106,1388,2025-07-24,UPS,UP4274560148,27.98
1107,332,2025-05-21,UPS,UP3097895374,46.19
1108,979,2024-10-26,OnTrac,ON1508617313,25.46
1109,326,2024-10-06,FedEx,FE3383006544,22.44
1110,1515,2025-10-24,FedEx,FE6256626375,45.74
1111,1306,2025-06-03,OnTrac,ON9169543824,46.46
1112,606,2024-08-09,OnTrac,ON2357994892,23.93
1113,846,2023-05-14,DHL,DH5185077893,20.22
1114,1729,2024-03-20,DHL,DH7385922246,15.63
1115,249,2024-10-12,FedEx,FE4778937525,9.51
1116,853,2025-09-14,USPS,US3714958863,35.66
1117,1938,2025-10-31,USPS,US4887238730,21.09
1118,1612,2024-11-05,UPS,UP7548955869,32.8
1119,1684,2024-11-25,OnTrac,ON8826151973,16.85
1120,794,2025-10-24,USPS,US3308093585,9.71
1121,193,2025-10-28,USPS,US5569378780,44.95
1122,133,2025-10-21,OnTrac,ON1211396443,23.03
1123,1135,2025-07-05,UPS,UP8516416081,41.86
1124,1957,2024-09-29,Amazon Logistics,AM3584455732,38.46
1125,1468,2024-09-02,OnTrac,ON9043234666,32.81
1126,1368,2025-10-15,UPS,UP1610416378,33.75
1127,772,2025-04-16,OnTrac,ON6441764814,24.19
1128,741,2025-04-17,USPS,US8774772376,6.11
1129,1930,2025-10-30,FedEx,FE8972424720,47.92
1130,51,2025-03-22,UPS,UP2855453390,47.19
1131,1533,2024-03-26,USPS,US3060578562,39.13
1132,1295,2024-07-07,OnTrac,ON5806176674,31.2
1133,1277,2025-08-25,USPS,US4938469976,32.06
1134,1773,2025-10-30,OnTrac,ON2886273393,9.7
1135,988,2025-09-12,Amazon Logistics,AM1162117256,30.42
1136,223,2025-10-04,USPS,US7696758491,46.48
1137,1656,2025-08-03,USPS,US3759658057,49.82
1138,569,2023-06-24,FedEx,FE6046802796,9.07
1139,1860,2025-10-25,USPS,US9886169511,20.61
1140,1867,2025-07-18,USPS,US3308734618,31.24
1141,980,2025-04-02,UPS,UP9361159813,45.97
1142,769,2025-10-29,USPS,US8708217144,43.1
1143,1788,2025-09-03,USPS,US2669781107,37.72
1144,895,2025-10-02,OnTrac,ON7988390920,17.05
1145,1525,2025-09-30,UPS,UP2824050210,24.89
1146,874,2025-10-29,UPS,UP5072937201,45.39
1147,193,2025-10-23,Amazon Logistics,AM3853595056,23.2
1148,1400,2025-10-25,UPS,UP9344227794,45.11
1149,247,2025-10-26,FedEx,FE7354458743,36.46
1150,154,2025-10-27,OnTrac,ON7832428440,41.78
1151,507,2025-09-20,OnTrac,ON7226622354,6.16
1152,314,2024-10-22,Amazon Logistics,AM4691217634,29.12
1153,730,2025-10-24,OnTrac,ON5012520768,41.54
1154,1072,2025-09-03,OnTrac,ON9716937418,37.67
1155,1473,2025-10-17,DHL,DH1803865816,30.1
1156,471,2025-10-27,DHL,DH6914649199,25.69
1157,1501,2025-10-04,OnTrac,ON7079474137,24.6
1158,196,2025-10-13,UPS,UP6327951223,12.83
1159,80,2025-04-14,FedEx,FE4600414984,11.01
1160,1761,2025-06-12,FedEx,FE1170157299,45.48
1161,524,2025-08-11,OnTrac,ON7103045555,21.11
1162,1874,2024-12-05,UPS,UP5697780864,43.89
1163,1540,2025-09-09,UPS,UP2406162979,33.6
1164,705,2024-04-15,DHL,DH5811641694,18.22
1165,1543,2025-02-21,FedEx,FE1907478282,39.96
1166,903,2025-01-23,UPS,UP7261723931,43.32
1167,924,2025-09-03,DHL,DH9081763060,11.31
1168,957,2025-10-18,UPS,UP2648108241,27.03
1169,314,2024-05-09,DHL,DH1937098678,30.54
1170,1966,2024-02-17,USPS,US8055969234,45.21
1171,1585,2025-08-18,USPS,US4255300088,33.77
1172,1240,2025-10-21,OnTrac,ON7179047619,43.29
1173,667,2025-08-13,UPS,UP1193192782,14.73
1174,1990,2025-08-11,Amazon Logistics,AM2388890968,48.78
1175,1876,2025-10-23,USPS,US2474355194,37.79
1176,524,2025-10-08,USPS,US8642840847,46.64
1177,654,2025-03-30,Amazon Logistics,AM7010077437,11.33
1178,1360,2025-04-27,Amazon Logistics,AM5298375878,26.1
1179,596,2025-07-24,FedEx,FE5578884743,46.63
1180,705,2024-12-07,DHL,DH3988251428,21.82
1181,1230,2025-01-16,USPS,US1850287801,21.09
1182,279,2025-10-30,USPS,US7821955191,28.67
1183,1190,2024-11-12,Amazon Logistics,AM8833588689,14.61
1184,332,2025-07-12,OnTrac,ON5329658747,5.63
1185,835,2025-07-15,USPS,US6342338967,27.3
1186,1116,2025-09-03,DHL,DH9996919595,13.74
1187,1761,2025-10-22,Amazon Logistics,AM8749801054,27.59
1188,157,2025-09-11,UPS,UP7596698474,48.43
1189,217,2025-06-04,USPS,US5657066246,9.14
1190,167,2025-09-06,USPS,US6277827439,26.66
1191,1043,2024-10-27,FedEx,FE3711444374,47.54
1192,41,2025-06-03,DHL,DH9923293818,25.52
1193,120,2025-04-24,Amazon Logistics,AM8178556785,33.39
1194,829,2024-09-23,DHL,DH2293611091,19.88
1195,1166,2024-11-30,UPS,UP4598549414,11.43
1196,1084,2025-03-25,Amazon Logistics,AM3819842331,16.0
1197,1822,2025-09-04,UPS,UP2130770182,36.8
1198,489,2025-10-16,UPS,UP2736216405,7.38
1199,488,2024-07-29,UPS,UP7451910650,44.34
1200,1618,2025-09-22,OnTrac,ON9342462477,45.95
1201,48,2025-09-06,OnTrac,ON4568870432,12.57
1202,1874,2024-06-06,UPS,UP5706586808,40.47
1203,69,2025-07-20,DHL,DH7050997599,6.65
1204,808,2025-05-22,UPS,UP6394885036,38.23
1205,1423,2024-11-09,FedEx,FE1082005169,49.24
1206,1009,2025-08-26,DHL,DH4834703369,14.26
1207,1869,2024-01-28,Amazon Logistics,AM1604085098,11.11
1208,335,2025-04-12,USPS,US1160452507,49.6
1209,578,2025-06-16,Amazon Logistics,AM1560457603,34.92
1210,128,2025-05-30,USPS,US2622555846,34.48
1211,241,2025-10-07,OnTrac,ON4253473539,43.27
1212,278,2025-09-28,FedEx,FE2317469596,15.06
1213,249,2025-09-22,FedEx,FE6043620114,13.17
1214,961,2025-09-24,UPS,UP4421401339,12.12
1215,1850,2025-02-19,Amazon Logistics,AM6386588982,42.46
1216,1037,2025-07-20,OnTrac,ON6511766895,10.68
1217,780,2024-04-27,FedEx,FE7445016325,18.43
1218,765,2025-10-19,Amazon Logistics,AM7196428511,40.69
1219,432,2024-12-09,USPS,US7142011256,13.7
1220,438,2025-09-07,OnTrac,ON9824047962,41.46
1221,917,2025-08-14,FedEx,FE8172685395,33.13
1222,606,2024-08-31,USPS,US7979693581,12.98
1223,1208,2023-12-21,FedEx,FE6824883521,42.57
1224,237,2025-09-15,USPS,US3956474517,49.88
1225,1014,2025-10-01,USPS,US8791389042,30.32
1226,168,2025-10-07,USPS,US9148521283,48.22
1227,940,2025-02-21,FedEx,FE3194285976,32.88
1228,1051,2025-07-17,DHL,DH2289118584,17.0
1229,1966,2023-03-05,USPS,US1941351585,23.19
1230,1466,2025-10-19,OnTrac,ON2592874896,17.98
1231,1130,2025-10-30,USPS,US6986354135,37.39
1232,1669,2025-06-24,FedEx,FE2451973261,30.25
1233,1761,2025-06-14,OnTrac,ON2751153225,39.29
1234,1936,2025-09-02,Amazon Logistics,AM2073061710,18.03
1235,1780,2025-10-27,DHL,DH3544296636,18.4
1236,878,2025-07-20,DHL,DH1351312064,33.84
1237,1615,2025-10-30,OnTrac,ON9306517195,47.79
1238,1883,2025-02-08,OnTrac,ON6259640788,17.22
1239,1654,2025-10-23,USPS,US8512253884,16.09
1240,1458,2025-08-17,UPS,UP5729910432,37.88
1241,360,2025-08-29,USPS,US7723800341,31.56
1242,589,2024-12-09,Amazon Logistics,AM3822966125,23.69
1243,911,2025-10-23,FedEx,FE3147883369,9.57
1244,1964,2025-10-30,Amazon Logistics,AM3816548023,36.26
1245,223,2025-04-06,UPS,UP2051593233,27.37
1246,524,2025-07-02,DHL,DH5856743544,7.65
1247,1729,2024-11-07,FedEx,FE4321155158,47.43
1248,703,2025-03-10,Amazon Logistics,AM7930121242,41.65
1249,1404,2025-07-10,OnTrac,ON9671964124,45.33
1250,977,2025-10-03,OnTrac,ON1893380803,10.93
1251,298,2024-07-08,USPS,US8594420165,40.23
1252,1130,2025-09-17,DHL,DH6084998783,33.91
1253,350,2025-10-22,OnTrac,ON6001265145,42.91
1254,755,2025-07-31,USPS,US8518995754,14.23
1255,479,2024-12-20,Amazon Logistics,AM5762623796,11.24
1256,1473,2025-10-30,Amazon Logistics,AM2290960691,14.69
1257,1444,2025-09-26,USPS,US3855911777,49.71
1258,272,2025-07-31,FedEx,FE8052469993,36.61
1259,972,2025-01-12,OnTrac,ON2976391858,32.92
1260,1158,2025-03-30,OnTrac,ON5404810295,35.69
1261,1396,2025-02-05,FedEx,FE6233206426,14.93
1262,273,2025-10-17,UPS,UP2673445583,12.64
1263,1973,2025-10-28,Amazon Logistics,AM1118282957,23.06
1264,1815,2025-06-13,FedEx,FE3512990442,39.26
1265,204,2025-07-09,FedEx,FE1972472567,17.25
1266,698,2025-05-23,FedEx,FE8154915382,42.5
1267,1648,2025-01-15,FedEx,FE4412634618,17.67
1268,1417,2025-09-25,Amazon Logistics,AM2139464266,37.78
1269,181,2025-10-29,DHL,DH1929903933,8.33
1270,641,2025-10-23,Amazon Logistics,AM1391447179,23.02
1271,716,2025-08-10,Amazon Logistics,AM3824776052,39.72
1272,128,2024-06-09,USPS,US4962970085,45.21
1273,97,2024-07-11,FedEx,FE5806368768,46.22
1274,83,2025-09-04,OnTrac,ON5143854792,44.43
1275,1505,2025-08-17,UPS,UP6353452551,11.5
1276,1946,2025-06-06,FedEx,FE9308764420,18.61
1277,665,2024-01-25,FedEx,FE5279561914,14.43
1278,493,2025-10-25,UPS,UP2827367326,36.29
1279,1423,2025-10-17,OnTrac,ON5708007278,42.68
1280,1482,2025-08-09,UPS,UP7629476119,7.64
1281,840,2025-09-13,DHL,DH3128209545,14.15
1282,333,2025-01-25,OnTrac,ON8223470005,46.68
1283,42,2025-08-05,FedEx,FE4725590860,12.27
1284,1330,2025-05-04,Amazon Logistics,AM5674062173,9.14
1285,326,2025-04-21,Amazon Logistics,AM8009390577,19.27
1286,1236,2025-07-25,OnTrac,ON7168173516,43.21
1287,939,2025-07-23,DHL,DH6929478937,43.71
1288,468,2025-08-23,Amazon Logistics,AM1308153577,29.93
1289,198,2024-12-29,UPS,UP7439517615,32.66
1290,273,2025-09-25,OnTrac,ON9529261412,10.5
1291,1458,2025-01-09,USPS,US1727220728,33.86
1292,294,2025-09-16,USPS,US1205665083,36.95
1293,206,2025-01-12,USPS,US6230389653,7.31
1294,1494,2025-10-22,OnTrac,ON3842794212,22.48
1295,1020,2025-10-29,Amazon Logistics,AM6774128207,12.52
1296,836,2025-10-03,FedEx,FE1322344974,11.25
1297,930,2025-07-26,USPS,US4473452038,47.04
1298,1190,2025-04-08,Amazon Logistics,AM9202622469,24.17
1299,1513,2025-07-05,USPS,US3567893482,49.15
1300,79,2025-05-09,USPS,US6758404906,25.31
1301,1660,2025-02-20,DHL,DH6189210487,21.38
1302,1288,2025-02-24,USPS,US4807543044,43.33
1303,461,2024-09-08,DHL,DH5666147051,12.02
1304,1014,2025-09-07,FedEx,FE6848136102,21.51
1305,662,2025-06-16,DHL,DH4753650032,26.44
1306,1660,2025-07-26,UPS,UP5651462936,43.66
1307,1644,2025-10-20,USPS,US1955554145,49.41
1308,961,2025-03-06,Amazon Logistics,AM9422509886,43.75
1309,663,2025-10-15,UPS,UP7493781432,40.01
1310,253,2025-08-28,UPS,UP8785619579,23.41
1311,1500,2024-06-21,UPS,UP8182541746,49.47
1312,1922,2025-10-22,UPS,UP3086759159,29.13
1313,23,2025-10-11,DHL,DH2750816937,13.65
1314,1818,2025-05-30,UPS,UP5817727629,44.16
1315,1654,2025-09-18,FedEx,FE1601325463,11.43
1316,365,2025-09-09,FedEx,FE5960786837,5.59
1317,708,2024-04-04,DHL,DH6122198471,50.0
1318,1482,2025-02-24,Amazon Logistics,AM2276293556,5.06
1319,237,2025-07-18,UPS,UP7675430541,25.36
1320,280,2025-09-29,FedEx,FE4357613488,36.7
1321,624,2025-07-26,USPS,US3864802626,42.17
1322,1953,2024-05-26,USPS,US6129221394,48.52
1323,1131,2025-07-28,FedEx,FE3542829706,46.56
1324,23,2025-09-26,DHL,DH2242397912,33.78
1325,1664,2023-08-12,USPS,US9403114360,30.04
1326,102,2025-10-30,Amazon Logistics,AM8555581375,28.59
1327,76,2025-10-31,FedEx,FE1312621735,45.27
1328,250,2025-08-14,Amazon Logistics,AM9346076006,15.92
1329,196,2025-08-19,Amazon Logistics,AM4260113297,40.4
1330,1302,2024-06-18,UPS,UP6422984681,26.13
1331,1031,2024-08-05,DHL,DH1156391160,8.83
1332,1302,2024-11-02,OnTrac,ON3620974404,6.02
1333,556,2024-07-20,USPS,US5157819119,35.32
1334,569,2025-05-23,DHL,DH4320477479,35.04
1335,244,2025-06-29,FedEx,FE7204650545,46.9
1336,594,2025-09-08,OnTrac,ON3472651123,19.35
1337,857,2025-06-23,Amazon Logistics,AM7752397545,36.4
1338,50,2025-10-05,Amazon Logistics,AM8557254730,13.4
1339,1860,2025-10-11,UPS,UP8877466409,32.12
1340,1099,2025-05-27,Amazon Logistics,AM3738611918,36.03
1341,919,2024-12-29,FedEx,FE2843188735,21.98
1342,1837,2024-11-13,UPS,UP6963593440,23.92
1343,596,2024-11-01,FedEx,FE6469075740,24.98
1344,112,2025-04-22,UPS,UP7008973602,11.48
1345,1048,2025-08-16,UPS,UP4979044468,23.82
1346,1414,2025-09-07,UPS,UP1251625882,21.1
1347,1591,2024-08-10,UPS,UP7494111947,13.75
1348,1825,2025-08-29,DHL,DH7003375034,17.12
1349,1178,2025-08-20,DHL,DH6069564813,41.12
1350,26,2024-09-28,Amazon Logistics,AM1791071554,38.48
1351,633,2025-06-11,FedEx,FE6208042378,28.05
1352,1937,2025-04-09,UPS,UP2176420164,25.45
1353,309,2025-09-01,USPS,US6716575751,16.1
1354,998,2025-06-15,Amazon Logistics,AM5758876878,29.06
1355,808,2025-09-05,DHL,DH4986444967,22.29
1356,1277,2023-10-28,Amazon Logistics,AM8769564683,5.67
1357,708,2025-01-18,FedEx,FE6879477858,7.76
1358,1932,2025-05-27,FedEx,FE8708728501,35.4
1359,741,2025-06-04,USPS,US5649589392,33.8
1360,341,2025-10-10,Amazon Logistics,AM2661614934,7.07
1361,49,2025-01-01,FedEx,FE7893855741,22.65
1362,1728,2025-10-25,Amazon Logistics,AM3577385098,24.92
1363,247,2025-10-28,DHL,DH1562735040,18.59
1364,1023,2025-09-27,DHL,DH4303253485,45.73
1365,919,2025-06-04,OnTrac,ON7039240309,32.19
1366,1215,2025-09-08,UPS,UP2701730832,49.38
1367,913,2025-03-02,UPS,UP5171171195,10.45
1368,577,2025-10-04,Amazon Logistics,AM5488918077,28.92
1369,918,2024-08-13,UPS,UP1794339400,7.03
1370,241,2025-08-14,OnTrac,ON3512721947,9.78
1371,594,2024-12-15,OnTrac,ON2045904610,21.82
1372,567,2025-09-28,DHL,DH7889966457,8.81
1373,159,2025-03-21,UPS,UP9839621789,5.98
1374,1785,2025-08-21,Amazon Logistics,AM8078239546,24.36
1375,957,2025-10-28,FedEx,FE6757455353,37.2
1376,1687,2025-05-10,USPS,US8301503992,7.88
1377,1869,2023-09-18,USPS,US7870668249,5.11
1378,1151,2023-05-28,Amazon Logistics,AM1612576201,5.02
1379,1991,2025-10-16,USPS,US5197969872,11.15
1380,581,2025-05-10,UPS,UP9428328557,34.29
1381,1197,2024-12-12,DHL,DH5619103195,19.92
1382,737,2025-10-30,DHL,DH8447116347,42.7
1383,1135,2025-10-02,UPS,UP8545986937,13.81
1384,1540,2025-02-06,OnTrac,ON4918891148,46.4
1385,1676,2025-01-31,DHL,DH9478415511,24.26
1386,1059,2025-04-23,OnTrac,ON7133260987,7.63
1387,443,2023-05-23,OnTrac,ON2795684935,10.63
1388,1967,2025-04-20,Amazon Logistics,AM6674305390,29.63
1389,1020,2025-10-25,OnTrac,ON1257157317,10.94
1390,174,2025-10-30,OnTrac,ON5784066091,26.53
1391,1392,2025-08-21,OnTrac,ON9277952079,6.08
1392,1577,2025-07-30,DHL,DH8012011238,14.2
1393,616,2025-05-07,FedEx,FE1649264282,35.78
1394,303,2024-11-17,Amazon Logistics,AM1667061516,44.11
1395,961,2025-08-13,OnTrac,ON7496691038,23.63
1396,1274,2025-07-20,UPS,UP5651992539,43.06
1397,1514,2025-08-29,USPS,US1827060937,6.8
1398,1888,2024-12-19,FedEx,FE4901250013,30.64
1399,1368,2025-08-13,Amazon Logistics,AM3994843857,14.32
1400,662,2025-07-17,DHL,DH6927479280,32.57
1401,309,2024-12-12,DHL,DH2107477528,27.09
1402,1404,2025-08-11,FedEx,FE7429275297,20.41
1403,183,2025-10-29,USPS,US4846215290,46.37
1404,341,2025-09-28,UPS,UP1404790275,40.05
1405,1670,2025-10-28,UPS,UP8793326047,41.17
1406,416,2025-10-29,OnTrac,ON7133085671,18.18
1407,1109,2025-09-06,DHL,DH4765931982,44.22
1408,939,2025-04-20,UPS,UP4459519466,26.95
1409,711,2024-12-31,USPS,US9345409744,14.93
1410,626,2025-10-13,DHL,DH6979676351,46.87
1411,977,2025-08-25,Amazon Logistics,AM7059050795,28.8
1412,1306,2025-05-18,USPS,US7823331131,12.19
1413,710,2025-08-07,Amazon Logistics,AM1516743556,18.81
1414,1569,2025-10-26,FedEx,FE2352491308,48.14
1415,1459,2025-10-27,FedEx,FE7093728142,22.24
1416,867,2025-07-18,UPS,UP3886938847,43.99
1417,1936,2025-03-26,FedEx,FE8519172690,44.41
1418,1799,2025-10-17,DHL,DH5057274399,38.29
1419,1772,2025-09-13,UPS,UP7931600285,31.29
1420,541,2025-09-20,USPS,US1594780135,10.89
1421,272,2025-10-17,USPS,US1018770589,11.63
1422,489,2025-10-13,USPS,US9130285400,25.77
1423,1728,2025-10-29,OnTrac,ON4002316191,17.91
1424,895,2025-10-23,DHL,DH4767633895,21.81
1425,1329,2025-06-06,USPS,US5518046005,6.09
1426,574,2025-10-11,OnTrac,ON1575329655,18.17
1427,1407,2025-10-10,OnTrac,ON5069469871,39.84
1428,484,2025-04-30,DHL,DH4783140047,36.2
1429,1430,2025-08-09,OnTrac,ON8315017360,19.25
1430,1812,2025-07-28,DHL,DH7391932094,39.47
1431,1139,2024-04-16,UPS,UP2698333797,23.31
1432,552,2023-08-23,OnTrac,ON7529295309,14.02
1433,277,2024-02-22,UPS,UP5245315392,44.75
1434,374,2025-10-20,UPS,UP4612117088,45.11
1435,1818,2025-09-28,OnTrac,ON7519727542,27.65
1436,681,2024-10-01,FedEx,FE3332755849,14.21
1437,1902,2025-04-06,FedEx,FE7769973124,6.03
1438,1984,2024-08-07,Amazon Logistics,AM7036454899,37.57
1439,1602,2025-10-18,UPS,UP3994931671,22.15
1440,873,2024-11-02,OnTrac,ON8203426392,32.3
1441,726,2024-03-21,DHL,DH3574377477,6.08
1442,942,2025-09-24,DHL,DH1223332163,44.02
1443,356,2025-10-07,USPS,US7964854842,39.36
1444,238,2025-05-04,Amazon Logistics,AM4996589311,21.84
1445,1640,2025-08-30,UPS,UP1332624954,45.45
1446,741,2025-01-03,DHL,DH5766230178,20.52
1447,1356,2024-06-29,OnTrac,ON9847694338,44.5
1448,543,2025-10-30,Amazon Logistics,AM4158080357,17.86
1449,1602,2025-10-20,UPS,UP5558038869,7.76
1450,604,2023-09-12,UPS,UP6792068144,22.32
1451,1298,2025-10-30,USPS,US9915698376,14.61
1452,855,2025-10-04,FedEx,FE3811185650,17.35
1453,1617,2025-10-08,FedEx,FE7345005950,25.61
1454,908,2025-07-18,Amazon Logistics,AM1214484999,6.89
1455,1605,2025-09-16,UPS,UP9295286514,22.16
1456,1146,2025-09-27,UPS,UP8798121923,29.7
1457,90,2025-08-11,UPS,UP3612192326,11.96
1458,1183,2024-12-28,OnTrac,ON5736092562,45.39
1459,1350,2025-08-02,OnTrac,ON4020582737,26.77
1460,253,2025-08-24,DHL,DH1401187859,21.46
1461,980,2025-01-15,DHL,DH2814173307,8.83
1462,1439,2025-07-28,DHL,DH6950162261,21.03
1463,1858,2025-10-22,OnTrac,ON3239036316,34.88
1464,404,2025-07-31,DHL,DH5577030207,44.14
1465,1816,2024-12-12,USPS,US4714448882,19.98
1466,1367,2025-07-16,FedEx,FE2610286166,16.5
1467,1612,2025-08-13,Amazon Logistics,AM9877585075,20.65
1468,846,2023-06-25,DHL,DH4030482810,29.54
1469,624,2025-06-18,USPS,US5088187496,49.43
1470,1459,2025-09-05,OnTrac,ON5995452713,12.17
1471,1004,2025-06-23,OnTrac,ON1609998192,26.07
1472,1957,2024-11-17,OnTrac,ON7365046312,30.18
1473,169,2025-01-10,OnTrac,ON8792719652,46.81
1474,1084,2025-03-21,Amazon Logistics,AM4732356431,5.19
1475,1957,2024-06-29,FedEx,FE1027745802,40.49
1476,888,2023-05-03,FedEx,FE8841458420,13.04
1477,1907,2025-10-24,DHL,DH3780342764,16.48
1478,176,2025-10-21,OnTrac,ON1262980895,19.4
1479,1324,2025-10-25,USPS,US9346787084,24.19
1480,592,2023-08-21,UPS,UP4931038429,29.08
1481,1418,2025-08-26,DHL,DH9624177324,25.55
1482,564,2025-03-19,Amazon Logistics,AM4627577136,47.76
1483,1991,2025-10-18,DHL,DH7309919873,46.39
1484,1909,2025-09-09,UPS,UP2256232489,19.36
1485,1738,2025-04-27,OnTrac,ON2674762035,5.05
1486,1511,2025-10-16,UPS,UP5331990495,45.83
1487,356,2025-10-17,UPS,UP8978114343,11.34
1488,749,2025-10-25,OnTrac,ON6541656257,14.75
1489,1689,2025-04-22,UPS,UP8123833948,43.19
1490,1734,2025-08-16,OnTrac,ON3017135943,39.08
1491,1967,2025-01-02,OnTrac,ON9174572861,47.06
1492,1689,2025-10-17,Amazon Logistics,AM3038978817,21.93
1493,1788,2023-05-04,Amazon Logistics,AM7161141301,39.73
1494,1013,2025-10-05,DHL,DH7041814852,6.83
1495,1525,2025-10-17,OnTrac,ON8220962888,28.58
1496,583,2025-09-09,FedEx,FE2142522582,5.79
1497,1802,2025-10-10,USPS,US1654291617,47.13
1498,715,2025-08-27,FedEx,FE8355760638,13.83
1499,1173,2025-10-29,Amazon Logistics,AM3983101985,10.72
1500,223,2025-03-16,Amazon Logistics,AM2109702414,49.28
